text,json
add track to my Las Canciones Más Lindas Del Mundo playlist,"{""intent"": ""AddToPlaylist"", ""music_item"": ""track"", ""playlist"": ""Las Canciones Más Lindas Del Mundo"", ""playlist_owner"": ""my""}"
add yang hyun seok to the playlist called night out,"{""artist"": ""yang hyun seok"", ""intent"": ""AddToPlaylist"", ""playlist"": ""night out""}"
add tierney sutton to my Novedades Viernes Sudamérica playlist,"{""artist"": ""tierney sutton"", ""intent"": ""AddToPlaylist"", ""playlist"": ""Novedades Viernes Sudamérica"", ""playlist_owner"": ""my""}"
Give this textbook 3 stars.,"{""intent"": ""RateBook"", ""object_select"": ""this"", ""object_type"": ""textbook"", ""rating_unit"": ""stars"", ""rating_value"": ""3""}"
give The Search for the Snow Leopard a rating of zero of 6 stars,"{""best_rating"": ""6"", ""intent"": ""RateBook"", ""object_name"": ""The Search for the Snow Leopard"", ""rating_unit"": ""stars"", ""rating_value"": ""zero""}"
Find me the soundtrack A Honeymoon Adventure,"{""intent"": ""SearchCreativeWork"", ""object_name"": ""A Honeymoon Adventure"", ""object_type"": ""soundtrack""}"
give two out of 6 to A Christmas Carol,"{""best_rating"": ""6"", ""intent"": ""RateBook"", ""object_name"": ""A Christmas Carol"", ""rating_value"": ""two""}"
Where can I find the Ricky Skaggs discography,"{""intent"": ""SearchCreativeWork"", ""object_name"": ""Ricky Skaggs discography""}"
add armand van helden to my black sabbath the ozzy years playlist,"{""artist"": ""armand van helden"", ""intent"": ""AddToPlaylist"", ""playlist"": ""black sabbath the ozzy years"", ""playlist_owner"": ""my""}"
add album to my I Love My 90's R&B,"{""intent"": ""AddToPlaylist"", ""music_item"": ""album"", ""playlist"": ""I Love My 90's R&B"", ""playlist_owner"": ""my""}"
rate the current essay book four out of 6 points,"{""best_rating"": ""6"", ""intent"": ""RateBook"", ""object_select"": ""current"", ""object_type"": ""essay book"", ""rating_unit"": ""points"", ""rating_value"": ""four""}"
Add Chamberlain Waits to my picnic in the park,"{""entity_name"": ""Chamberlain Waits"", ""intent"": ""AddToPlaylist"", ""playlist"": ""picnic in the park"", ""playlist_owner"": ""my""}"
add villotta to The MetalSucks Playlist playlist,"{""entity_name"": ""villotta"", ""intent"": ""AddToPlaylist"", ""playlist"": ""The MetalSucks Playlist""}"
I give The Vinyl Cafe Notebooks a 0 of 6,"{""best_rating"": ""6"", ""intent"": ""RateBook"", ""object_name"": ""The Vinyl Cafe Notebooks"", ""rating_value"": ""0""}"
Please find me the game called The Salvation.,"{""intent"": ""SearchCreativeWork"", ""object_name"": ""The Salvation"", ""object_type"": ""game""}"
Add Art Garfunkel to the Chill Tracks playlist.,"{""artist"": ""Art Garfunkel"", ""intent"": ""AddToPlaylist"", ""playlist"": ""Chill Tracks""}"
rate Special Assignments 0 of 6 points,"{""best_rating"": ""6"", ""intent"": ""RateBook"", ""object_name"": ""Special Assignments"", ""rating_unit"": ""points"", ""rating_value"": ""0""}"
Show me the Sex Therapy painting,"{""intent"": ""SearchCreativeWork"", ""object_name"": ""Sex Therapy"", ""object_type"": ""painting""}"
add this artist to the playlist called Fusion Fest,"{""intent"": ""AddToPlaylist"", ""music_item"": ""artist"", ""playlist"": ""Fusion Fest""}"
rate My Life As a Book five out of 6,"{""best_rating"": ""6"", ""intent"": ""RateBook"", ""object_name"": ""My Life As a Book"", ""rating_value"": ""five""}"
I'd like to hear the song Impractical Jokers UK,"{""intent"": ""SearchCreativeWork"", ""object_name"": ""Impractical Jokers UK"", ""object_type"": ""song""}"
Add elastic love to This Is Stormzy,"{""entity_name"": ""elastic love"", ""intent"": ""AddToPlaylist"", ""playlist"": ""This Is Stormzy""}"
find a Love song,"{""intent"": ""SearchCreativeWork"", ""object_name"": ""Love"", ""object_type"": ""song""}"
I need a 6 rating or five with something like a saga in The Best Science Fiction of the Year 13,"{""best_rating"": ""6"", ""intent"": ""RateBook"", ""object_name"": ""The Best Science Fiction of the Year 13"", ""object_part_of_series_type"": ""saga"", ""rating_value"": ""five""}"
Add this track to the classical music for smart kids playlist,"{""intent"": ""AddToPlaylist"", ""music_item"": ""track"", ""playlist"": ""classical music for smart kids""}"
add Tarte to bandas sonoras playlist,"{""entity_name"": ""Tarte"", ""intent"": ""AddToPlaylist"", ""playlist"": ""bandas sonoras""}"
Give the current novel I am reading a five stars rating.,"{""intent"": ""RateBook"", ""object_select"": ""current"", ""object_type"": ""novel"", ""rating_unit"": ""stars"", ""rating_value"": ""five""}"
Add J J Cale to my heavy gamer playlist.,"{""artist"": ""J J Cale"", ""intent"": ""AddToPlaylist"", ""playlist"": ""heavy gamer"", ""playlist_owner"": ""my""}"
Find Le Profil Amina TV series,"{""intent"": ""SearchCreativeWork"", ""object_name"": ""Le Profil Amina"", ""object_type"": ""TV series""}"
Rate the Glory Season three stars,"{""intent"": ""RateBook"", ""object_name"": ""Glory Season"", ""rating_unit"": ""stars"", ""rating_value"": ""three""}"
Put Ron Wood in the Digster Reggae playlist.,"{""artist"": ""Ron Wood"", ""intent"": ""AddToPlaylist"", ""playlist"": ""Digster Reggae""}"
my feelin' good playlist needs some Mai Selim in it.,"{""artist"": ""Mai Selim"", ""intent"": ""AddToPlaylist"", ""playlist"": ""feelin' good"", ""playlist_owner"": ""my""}"
Find the Via Dolorosa: Songs of Redemption saga,"{""intent"": ""SearchCreativeWork"", ""object_name"": ""Via Dolorosa: Songs of Redemption"", ""object_type"": ""saga""}"
Find me the album The Weed Tree.,"{""intent"": ""SearchCreativeWork"", ""object_name"": ""The Weed Tree"", ""object_type"": ""album""}"
Rate the previous essay 5 out of 6,"{""best_rating"": ""6"", ""intent"": ""RateBook"", ""object_select"": ""previous"", ""object_type"": ""essay"", ""rating_value"": ""5""}"
Add a rachael price album to TODO EDM,"{""artist"": ""rachael price"", ""intent"": ""AddToPlaylist"", ""music_item"": ""album"", ""playlist"": ""TODO EDM""}"
Please add Iris DeMent to my playlist this is selena,"{""artist"": ""Iris DeMent"", ""intent"": ""AddToPlaylist"", ""playlist"": ""this is selena"", ""playlist_owner"": ""my""}"
I'm looking for a photograph called Merry Christmas.,"{""intent"": ""SearchCreativeWork"", ""object_name"": ""Merry Christmas"", ""object_type"": ""photograph""}"
rate the current essay 5 points,"{""intent"": ""RateBook"", ""object_select"": ""current"", ""object_type"": ""essay"", ""rating_unit"": ""points"", ""rating_value"": ""5""}"
"my rating for Dilvish, the Damned is 4 out of 6","{""best_rating"": ""6"", ""intent"": ""RateBook"", ""object_name"": ""Dilvish, the Damned"", ""rating_value"": ""4""}"
rate the book The Scorpio Illusion a 4,"{""intent"": ""RateBook"", ""object_name"": ""The Scorpio Illusion"", ""object_type"": ""book"", ""rating_value"": ""4""}"
add time flies 1994-2009 to the Jazzy Romance playlist,"{""entity_name"": ""time flies 1994-2009"", ""intent"": ""AddToPlaylist"", ""playlist"": ""Jazzy Romance""}"
Add this song to noreen's fresh finds six strings,"{""intent"": ""AddToPlaylist"", ""music_item"": ""song"", ""playlist"": ""fresh finds six strings"", ""playlist_owner"": ""noreen's""}"
Add album to my grandes unplugged,"{""intent"": ""AddToPlaylist"", ""music_item"": ""album"", ""playlist"": ""grandes unplugged"", ""playlist_owner"": ""my""}"
Show me the painting called The Descendants.,"{""intent"": ""SearchCreativeWork"", ""object_name"": ""The Descendants"", ""object_type"": ""painting""}"
Locate me the novel entitled Isthmus.,"{""intent"": ""SearchCreativeWork"", ""object_name"": ""Isthmus"", ""object_type"": ""novel""}"
I want to watch Manthan,"{""intent"": ""SearchCreativeWork"", ""object_name"": ""Manthan""}"
Add a Mary Fahl tune to the Pre-Party R&B Jams playlist.,"{""artist"": ""Mary Fahl"", ""intent"": ""AddToPlaylist"", ""music_item"": ""tune"", ""playlist"": ""Pre-Party R&B Jams""}"
add this song by George Melly to my 90's Baby Makers playlist,"{""artist"": ""George Melly"", ""intent"": ""AddToPlaylist"", ""music_item"": ""song"", ""playlist"": ""90's Baby Makers"", ""playlist_owner"": ""my""}"
Find a show called Some Kind of Dangerous.,"{""intent"": ""SearchCreativeWork"", ""object_name"": ""Some Kind of Dangerous"", ""object_type"": ""show""}"
Give Anatomy of a Typeface a 1 rating.,"{""intent"": ""RateBook"", ""object_name"": ""Anatomy of a Typeface"", ""rating_value"": ""1""}"
Show me The Atrocity Exhibition,"{""intent"": ""SearchCreativeWork"", ""object_name"": ""The Atrocity Exhibition""}"
Rate Lord of the World a value of 4,"{""intent"": ""RateBook"", ""object_name"": ""Lord of the World"", ""rating_value"": ""4""}"
add hold tight to my throwback party,"{""entity_name"": ""hold tight"", ""intent"": ""AddToPlaylist"", ""playlist"": ""throwback party"", ""playlist_owner"": ""my""}"
Put this album in shuffle syndrome,"{""intent"": ""AddToPlaylist"", ""music_item"": ""album"", ""playlist"": ""shuffle syndrome""}"
please put this tune into the All A Cappella playlist,"{""intent"": ""AddToPlaylist"", ""music_item"": ""tune"", ""playlist"": ""All A Cappella""}"
Find Night of Passion,"{""intent"": ""SearchCreativeWork"", ""object_name"": ""Night of Passion""}"
Find a television show called Swing High.,"{""intent"": ""SearchCreativeWork"", ""object_name"": ""Swing High"", ""object_type"": ""television show""}"
"Where can I see the television show, Jimmy Two-Shoes?","{""intent"": ""SearchCreativeWork"", ""object_name"": ""Jimmy Two-Shoes"", ""object_type"": ""television show""}"
add List of Rush instrumentals to This Is Lady Antebellum,"{""entity_name"": ""List of Rush instrumentals"", ""intent"": ""AddToPlaylist"", ""playlist"": ""This Is Lady Antebellum""}"
Add radhae unakku kobam aagathadi to my Women of Metal playlist,"{""entity_name"": ""radhae unakku kobam aagathadi"", ""intent"": ""AddToPlaylist"", ""playlist"": ""Women of Metal"", ""playlist_owner"": ""my""}"
Find a soundtrack called Tied to a Star.,"{""intent"": ""SearchCreativeWork"", ""object_name"": ""Tied to a Star"", ""object_type"": ""soundtrack""}"
Show the Mickey Mouse photograph,"{""intent"": ""SearchCreativeWork"", ""object_name"": ""Mickey Mouse"", ""object_type"": ""photograph""}"
Rate the current book 3 of 6,"{""best_rating"": ""6"", ""intent"": ""RateBook"", ""object_select"": ""current"", ""object_type"": ""book"", ""rating_value"": ""3""}"
put Johnny Wakelin on my té para tres lis,"{""artist"": ""Johnny Wakelin"", ""intent"": ""AddToPlaylist"", ""playlist"": ""té para tres"", ""playlist_owner"": ""my""}"
the previous book is five out of 6 stars,"{""best_rating"": ""6"", ""intent"": ""RateBook"", ""object_select"": ""previous"", ""object_type"": ""book"", ""rating_unit"": ""stars"", ""rating_value"": ""five""}"
"Please look up the novel, Heroes of Annihilated Empires","{""intent"": ""SearchCreativeWork"", ""object_name"": ""Heroes of Annihilated Empires"", ""object_type"": ""novel""}"
Please look up and find me Monty Python Live at the Hollywood Bowl.,"{""intent"": ""SearchCreativeWork"", ""object_name"": ""Monty Python Live at the Hollywood Bowl""}"
Add the r l burnside album to my Nothing But A Party R&B playlist,"{""artist"": ""r l burnside"", ""intent"": ""AddToPlaylist"", ""music_item"": ""album"", ""playlist"": ""Nothing But A Party R&B"", ""playlist_owner"": ""my""}"
I'd like to add this album to funtime.,"{""intent"": ""AddToPlaylist"", ""music_item"": ""album"", ""playlist"": ""funtime""}"
give the current chronicle five of 6 points,"{""best_rating"": ""6"", ""intent"": ""RateBook"", ""object_part_of_series_type"": ""chronicle"", ""object_select"": ""current"", ""rating_unit"": ""points"", ""rating_value"": ""five""}"
Rate 12 Great Classics of Science Fiction zero out of 6 points,"{""best_rating"": ""6"", ""intent"": ""RateBook"", ""object_name"": ""12 Great Classics of Science Fiction"", ""rating_unit"": ""points"", ""rating_value"": ""zero""}"
Look for the TV series All Around Performance Horse Weekly,"{""intent"": ""SearchCreativeWork"", ""object_name"": ""All Around Performance Horse Weekly"", ""object_type"": ""TV series""}"
add Ik Tara to laundry playlst,"{""entity_name"": ""Ik Tara"", ""intent"": ""AddToPlaylist"", ""playlist"": ""laundry""}"
Show the Philosophy and Phenomenological Research saga,"{""intent"": ""SearchCreativeWork"", ""object_name"": ""Philosophy and Phenomenological Research"", ""object_type"": ""saga""}"
I want to play the video game The Coyote Kings of the Space-Age Bachelor Pad,"{""intent"": ""SearchCreativeWork"", ""object_name"": ""The Coyote Kings of the Space-Age Bachelor Pad"", ""object_type"": ""video game""}"
Add the artist to my Duetos.,"{""intent"": ""AddToPlaylist"", ""music_item"": ""artist"", ""playlist"": ""Duetos"", ""playlist_owner"": ""my""}"
show creativity of book Future of the Past,"{""intent"": ""SearchCreativeWork"", ""object_name"": ""Future of the Past"", ""object_type"": ""book""}"
Include in my dreams in the this is new edition playlist.,"{""entity_name"": ""in my dreams"", ""intent"": ""AddToPlaylist"", ""playlist"": ""this is new edition""}"
add song to evening playlist,"{""intent"": ""AddToPlaylist"", ""music_item"": ""song"", ""playlist"": ""evening""}"
Add an artist to the décadas playlist.,"{""intent"": ""AddToPlaylist"", ""music_item"": ""artist"", ""playlist"": ""décadas""}"
add my favorite track to Baroque 50 Spotify Picks,"{""intent"": ""AddToPlaylist"", ""music_item"": ""track"", ""playlist"": ""Baroque 50 Spotify Picks"", ""playlist_owner"": ""my""}"
Rate The Loneliness of the Long Distance Runner 0 points / 6,"{""best_rating"": ""6"", ""intent"": ""RateBook"", ""object_name"": ""The Loneliness of the Long Distance Runner"", ""rating_unit"": ""points"", ""rating_value"": ""0""}"
I would give Things Fall Apart 3 stars,"{""intent"": ""RateBook"", ""object_name"": ""Things Fall Apart"", ""rating_unit"": ""stars"", ""rating_value"": ""3""}"
Look up the Rock the Blind photograph,"{""intent"": ""SearchCreativeWork"", ""object_name"": ""Rock the Blind"", ""object_type"": ""photograph""}"
Add this track to the playlist Korean OSTs,"{""intent"": ""AddToPlaylist"", ""music_item"": ""track"", ""playlist"": ""Korean OSTs""}"
Add the album to the fantasía playlist,"{""intent"": ""AddToPlaylist"", ""music_item"": ""album"", ""playlist"": ""fantasía""}"
napoleon xiv should be added to sharlene's playlist transatlantic lullaby,"{""artist"": ""napoleon xiv"", ""intent"": ""AddToPlaylist"", ""playlist"": ""transatlantic lullaby"", ""playlist_owner"": ""sharlene's""}"
rate the previous textbook a 4 out of 6,"{""best_rating"": ""6"", ""intent"": ""RateBook"", ""object_select"": ""previous"", ""object_type"": ""textbook"", ""rating_value"": ""4""}"
Find the show We Chase the Waves,"{""intent"": ""SearchCreativeWork"", ""object_name"": ""We Chase the Waves"", ""object_type"": ""show""}"
rate the current album 2 points out of 6,"{""best_rating"": ""6"", ""intent"": ""RateBook"", ""object_select"": ""current"", ""object_type"": ""album"", ""rating_unit"": ""points"", ""rating_value"": ""2""}"
Add sara hickman to my Targeted list,"{""artist"": ""sara hickman"", ""intent"": ""AddToPlaylist"", ""playlist"": ""Targeted"", ""playlist_owner"": ""my""}"
add this tune by Nokio the N Tity to my this is bb king playlist,"{""artist"": ""Nokio the N Tity"", ""intent"": ""AddToPlaylist"", ""music_item"": ""tune"", ""playlist"": ""this is bb king"", ""playlist_owner"": ""my""}"
Add Sveta ljubav to my Metal Party playlist,"{""entity_name"": ""Sveta ljubav"", ""intent"": ""AddToPlaylist"", ""playlist"": ""Metal Party"", ""playlist_owner"": ""my""}"
Add So Far to my Retrovisor playlist.,"{""entity_name"": ""So Far"", ""intent"": ""AddToPlaylist"", ""playlist"": ""Retrovisor"", ""playlist_owner"": ""my""}"
want to find the novel called Innocent Until Caught 2: Guilty,"{""intent"": ""SearchCreativeWork"", ""object_name"": ""Innocent Until Caught 2: Guilty"", ""object_type"": ""novel""}"
I want to give the book Heart and Soul three stars.,"{""intent"": ""RateBook"", ""object_name"": ""Heart and Soul"", ""object_type"": ""book"", ""rating_unit"": ""stars"", ""rating_value"": ""three""}"
When is the next episode of the TV series Crossing Lines showing?,"{""intent"": ""SearchCreativeWork"", ""object_name"": ""Crossing Lines"", ""object_type"": ""TV series""}"
Give the current novel four points.,"{""intent"": ""RateBook"", ""object_select"": ""current"", ""object_type"": ""novel"", ""rating_unit"": ""points"", ""rating_value"": ""four""}"
Show me the Lights Out saga,"{""intent"": ""SearchCreativeWork"", ""object_name"": ""Lights Out"", ""object_type"": ""saga""}"
Rate The Change 0 out of 6 points,"{""best_rating"": ""6"", ""intent"": ""RateBook"", ""object_name"": ""The Change"", ""rating_unit"": ""points"", ""rating_value"": ""0""}"
find The Valentyne Suite,"{""intent"": ""SearchCreativeWork"", ""object_name"": ""The Valentyne Suite""}"
Add seek & destroy to Sin Ti playlist,"{""entity_name"": ""seek & destroy"", ""intent"": ""AddToPlaylist"", ""playlist"": ""Sin Ti""}"
Find the TV series From the Top,"{""intent"": ""SearchCreativeWork"", ""object_name"": ""From the Top"", ""object_type"": ""TV series""}"
I'd like johnny nash to be put into my playlist Always Pop Punk,"{""artist"": ""johnny nash"", ""intent"": ""AddToPlaylist"", ""playlist"": ""Always Pop Punk"", ""playlist_owner"": ""my""}"
add this song to brooklyn beat,"{""intent"": ""AddToPlaylist"", ""music_item"": ""song"", ""playlist"": ""brooklyn beat""}"
The Young Lion saga gets a solid 4 points out of 6.,"{""best_rating"": ""6"", ""intent"": ""RateBook"", ""object_name"": ""The Young Lion"", ""object_part_of_series_type"": ""saga"", ""rating_unit"": ""points"", ""rating_value"": ""4""}"
my rating for Some Doves and Pythons is four,"{""intent"": ""RateBook"", ""object_name"": ""Some Doves and Pythons"", ""rating_value"": ""four""}"
"Who rated the book Women, Culture, and Society only 3 stars?","{""intent"": ""RateBook"", ""object_name"": ""Women, Culture, and Society"", ""rating_unit"": ""stars"", ""rating_value"": ""3""}"
Find The Mary Van Note Show,"{""intent"": ""SearchCreativeWork"", ""object_name"": ""The Mary Van Note Show""}"
go ahead and add blowfly to my This Is Schubert list,"{""artist"": ""blowfly"", ""intent"": ""AddToPlaylist"", ""playlist"": ""This Is Schubert"", ""playlist_owner"": ""my""}"
Add this tune to my This Is Luis Fonsi playlist,"{""intent"": ""AddToPlaylist"", ""music_item"": ""tune"", ""playlist"": ""This Is Luis Fonsi"", ""playlist_owner"": ""my""}"
Find The Modern World video game,"{""intent"": ""SearchCreativeWork"", ""object_name"": ""The Modern World"", ""object_type"": ""video game""}"
add this gisela song to my dancehall official,"{""artist"": ""gisela"", ""intent"": ""AddToPlaylist"", ""music_item"": ""song"", ""playlist"": ""dancehall official"", ""playlist_owner"": ""my""}"
Where can I find the movie called Cracking Contraptions?,"{""intent"": ""SearchCreativeWork"", ""object_name"": ""Cracking Contraptions"", ""object_type"": ""movie""}"
What is Fantasy Zone II: The Tears of Opa-Opa,"{""intent"": ""SearchCreativeWork"", ""object_name"": ""Fantasy Zone II: The Tears of Opa-Opa""}"
Add tune to this is trey songz,"{""intent"": ""AddToPlaylist"", ""music_item"": ""tune"", ""playlist"": ""this is trey songz""}"
Add Buddy Tate to just dance by aftercluv list,"{""artist"": ""Buddy Tate"", ""intent"": ""AddToPlaylist"", ""playlist"": ""just dance by aftercluv""}"
Include Kunnon syy in my Trap Land playlist.,"{""entity_name"": ""Kunnon syy"", ""intent"": ""AddToPlaylist"", ""playlist"": ""Trap Land"", ""playlist_owner"": ""my""}"
Please add tobymac's song onto the indiespensables playlist.,"{""artist"": ""tobymac"", ""intent"": ""AddToPlaylist"", ""music_item"": ""song"", ""playlist"": ""indiespensables""}"
The A Mighty Fortress series should be rated a two,"{""intent"": ""RateBook"", ""object_name"": ""A Mighty Fortress"", ""object_part_of_series_type"": ""series"", ""rating_value"": ""two""}"
rate this textbook 0 stars,"{""intent"": ""RateBook"", ""object_select"": ""this"", ""object_type"": ""textbook"", ""rating_unit"": ""stars"", ""rating_value"": ""0""}"
Add this song to my the perfect italian dinner playlist,"{""intent"": ""AddToPlaylist"", ""music_item"": ""song"", ""playlist"": ""the perfect italian dinner"", ""playlist_owner"": ""my""}"
find the movie Take Another Picture,"{""intent"": ""SearchCreativeWork"", ""object_name"": ""Take Another Picture"", ""object_type"": ""movie""}"
I'm giving this book series four points,"{""intent"": ""RateBook"", ""object_part_of_series_type"": ""series"", ""object_select"": ""this"", ""object_type"": ""book"", ""rating_unit"": ""points"", ""rating_value"": ""four""}"
add this tune to my Dance playlist,"{""intent"": ""AddToPlaylist"", ""music_item"": ""tune"", ""playlist"": ""Dance"", ""playlist_owner"": ""my""}"
give Song of Scarabaeus five of 6 stars,"{""best_rating"": ""6"", ""intent"": ""RateBook"", ""object_name"": ""Song of Scarabaeus"", ""rating_unit"": ""stars"", ""rating_value"": ""five""}"
Rate the current textbook 1 of 6 stars,"{""best_rating"": ""6"", ""intent"": ""RateBook"", ""object_select"": ""current"", ""object_type"": ""textbook"", ""rating_unit"": ""stars"", ""rating_value"": ""1""}"
I want to watch the movie Godslayer,"{""intent"": ""SearchCreativeWork"", ""object_name"": ""Godslayer"", ""object_type"": ""movie""}"
Add however much i booze to my playlist called atmospheric black metal,"{""entity_name"": ""however much i booze"", ""intent"": ""AddToPlaylist"", ""playlist"": ""atmospheric black metal"", ""playlist_owner"": ""my""}"
I want some fusil contra fusil added to my dance hits playlist.,"{""entity_name"": ""fusil contra fusil"", ""intent"": ""AddToPlaylist"", ""playlist"": ""dance hits"", ""playlist_owner"": ""my""}"
Add Steve Jones to my chill list,"{""artist"": ""Steve Jones"", ""intent"": ""AddToPlaylist"", ""playlist"": ""chill"", ""playlist_owner"": ""my""}"
I give the next essay 4 out of 6 points.,"{""best_rating"": ""6"", ""intent"": ""RateBook"", ""object_select"": ""next"", ""object_type"": ""essay"", ""rating_unit"": ""points"", ""rating_value"": ""4""}"
Give The CIA and the Cult of Intelligence a rating of 5.,"{""intent"": ""RateBook"", ""object_name"": ""The CIA and the Cult of Intelligence"", ""rating_value"": ""5""}"
Give the current book 0 points.,"{""intent"": ""RateBook"", ""object_select"": ""current"", ""object_type"": ""book"", ""rating_unit"": ""points"", ""rating_value"": ""0""}"
Add the track to the drum & breaks playlist.,"{""intent"": ""AddToPlaylist"", ""music_item"": ""track"", ""playlist"": ""drum & breaks""}"
The Postman is awful and only gets a 1 out of 6.,"{""best_rating"": ""6"", ""intent"": ""RateBook"", ""object_name"": ""The Postman"", ""rating_value"": ""1""}"
Get me the Elvis' Christmas Album TV show.,"{""intent"": ""SearchCreativeWork"", ""object_name"": ""Elvis' Christmas Album"", ""object_type"": ""TV show""}"
What is the book Sell Your Body?,"{""intent"": ""SearchCreativeWork"", ""object_name"": ""Sell Your Body"", ""object_type"": ""book""}"
I give The Spirit of St. Louis a 1,"{""intent"": ""RateBook"", ""object_name"": ""The Spirit of St. Louis"", ""rating_value"": ""1""}"
Add Tarkan to my madrugando playlist,"{""artist"": ""Tarkan"", ""intent"": ""AddToPlaylist"", ""playlist"": ""madrugando"", ""playlist_owner"": ""my""}"
find a book called The Mad Magician,"{""intent"": ""SearchCreativeWork"", ""object_name"": ""The Mad Magician"", ""object_type"": ""book""}"
Give this album a three,"{""intent"": ""RateBook"", ""object_select"": ""this"", ""object_type"": ""album"", ""rating_value"": ""three""}"
Rate the current album 4 out of 6 stars,"{""best_rating"": ""6"", ""intent"": ""RateBook"", ""object_select"": ""current"", ""object_type"": ""album"", ""rating_unit"": ""stars"", ""rating_value"": ""4""}"
Can you add Through the Darkness They March to my once upon a time playlist,"{""entity_name"": ""Through the Darkness They March"", ""intent"": ""AddToPlaylist"", ""playlist"": ""once upon a time"", ""playlist_owner"": ""my""}"
Play Rock This playlist with Badonviller Marsch,"{""entity_name"": ""Badonviller Marsch"", ""intent"": ""AddToPlaylist"", ""playlist"": ""Rock This""}"
Add etta james to my anochecer urbano playlist.,"{""artist"": ""etta james"", ""intent"": ""AddToPlaylist"", ""playlist"": ""anochecer urbano"", ""playlist_owner"": ""my""}"
Show me the Caribbean Blue television show,"{""intent"": ""SearchCreativeWork"", ""object_name"": ""Caribbean Blue"", ""object_type"": ""television show""}"
"Search for the TV show, A Lawless Street.","{""intent"": ""SearchCreativeWork"", ""object_name"": ""A Lawless Street"", ""object_type"": ""TV show""}"
To johnnie's funtime activity playlist add the name The Best of Guitar Shorty,"{""entity_name"": ""The Best of Guitar Shorty"", ""intent"": ""AddToPlaylist"", ""playlist"": ""funtime activity"", ""playlist_owner"": ""johnnie's""}"
I'm looking for the Pokémon: The Movie 2000 TV show,"{""intent"": ""SearchCreativeWork"", ""object_name"": ""Pokémon: The Movie 2000"", ""object_type"": ""TV show""}"
Rate the Sacred Fire series 5 points,"{""intent"": ""RateBook"", ""object_name"": ""Sacred Fire"", ""object_part_of_series_type"": ""series"", ""rating_unit"": ""points"", ""rating_value"": ""5""}"
Can jovino santos neto's album get added to my Confidence Boost playlist?,"{""artist"": ""jovino santos neto"", ""intent"": ""AddToPlaylist"", ""music_item"": ""album"", ""playlist"": ""Confidence Boost"", ""playlist_owner"": ""my""}"
Where can I get Harry Potter and the Philosopher’s Stone,"{""intent"": ""SearchCreativeWork"", ""object_name"": ""Harry Potter and the Philosopher’s Stone""}"
add this album to my Mediodía Acústico playlist,"{""intent"": ""AddToPlaylist"", ""music_item"": ""album"", ""playlist"": ""Mediodía Acústico"", ""playlist_owner"": ""my""}"
find the TV series Box of Moon Light,"{""intent"": ""SearchCreativeWork"", ""object_name"": ""Box of Moon Light"", ""object_type"": ""TV series""}"
Where do get photograph of My Own Best Enemy,"{""intent"": ""SearchCreativeWork"", ""object_name"": ""My Own Best Enemy"", ""object_type"": ""photograph""}"
Show the Whispering Willows novel,"{""intent"": ""SearchCreativeWork"", ""object_name"": ""Whispering Willows"", ""object_type"": ""novel""}"
look for the creative work Meltdown – Days of Destruction,"{""intent"": ""SearchCreativeWork"", ""object_name"": ""Meltdown – Days of Destruction""}"
give 0 out of 6 points to this essay,"{""best_rating"": ""6"", ""intent"": ""RateBook"", ""object_select"": ""this"", ""object_type"": ""essay"", ""rating_unit"": ""points"", ""rating_value"": ""0""}"
Rate current essay a zero,"{""intent"": ""RateBook"", ""object_select"": ""current"", ""object_type"": ""essay"", ""rating_value"": ""zero""}"
add this artist to sunshine reggae,"{""intent"": ""AddToPlaylist"", ""music_item"": ""artist"", ""playlist"": ""sunshine reggae""}"
Rate the current book 1 points,"{""intent"": ""RateBook"", ""object_select"": ""current"", ""object_type"": ""book"", ""rating_unit"": ""points"", ""rating_value"": ""1""}"
Please search the Abby saga.,"{""intent"": ""SearchCreativeWork"", ""object_name"": ""Abby"", ""object_type"": ""saga""}"
Rate They Came from the Sea 1 of 6 points,"{""best_rating"": ""6"", ""intent"": ""RateBook"", ""object_name"": ""They Came from the Sea"", ""rating_unit"": ""points"", ""rating_value"": ""1""}"
Rate the saga Rides a Dread Legion zero out of 6 points.,"{""best_rating"": ""6"", ""intent"": ""RateBook"", ""object_name"": ""Rides a Dread Legion"", ""object_part_of_series_type"": ""saga"", ""rating_unit"": ""points"", ""rating_value"": ""zero""}"
Rate this essay a two out of 6,"{""best_rating"": ""6"", ""intent"": ""RateBook"", ""object_select"": ""this"", ""object_type"": ""essay"", ""rating_value"": ""two""}"
I'm looking for the game called Summer of Fear,"{""intent"": ""SearchCreativeWork"", ""object_name"": ""Summer of Fear"", ""object_type"": ""game""}"
Add the artist to my This Is Mozart playlist.,"{""intent"": ""AddToPlaylist"", ""music_item"": ""artist"", ""playlist"": ""This Is Mozart"", ""playlist_owner"": ""my""}"
Put some frank ferrer into my edna st vincent millay playlist.,"{""artist"": ""frank ferrer"", ""intent"": ""AddToPlaylist"", ""playlist"": ""edna st vincent millay"", ""playlist_owner"": ""my""}"
find me the book Filthy Lucre Live,"{""intent"": ""SearchCreativeWork"", ""object_name"": ""Filthy Lucre Live"", ""object_type"": ""book""}"
"find Hope & Other Sins, a TV show","{""intent"": ""SearchCreativeWork"", ""object_name"": ""Hope & Other Sins"", ""object_type"": ""TV show""}"
Please find the song House of Wedlock,"{""intent"": ""SearchCreativeWork"", ""object_name"": ""House of Wedlock"", ""object_type"": ""song""}"
Add the tune by Cassie Ventura to my genre bender playlist,"{""artist"": ""Cassie Ventura"", ""intent"": ""AddToPlaylist"", ""music_item"": ""tune"", ""playlist"": ""genre bender"", ""playlist_owner"": ""my""}"
Please search the title The Twilight Saga: Breaking Dawn Part 2.,"{""intent"": ""SearchCreativeWork"", ""object_name"": ""The Twilight Saga: Breaking Dawn Part 2""}"
Find a video game called Batman: The Return of Bruce Wayne.,"{""intent"": ""SearchCreativeWork"", ""object_name"": ""Batman: The Return of Bruce Wayne"", ""object_type"": ""video game""}"
I gave the current book a three of 6,"{""best_rating"": ""6"", ""intent"": ""RateBook"", ""object_select"": ""current"", ""object_type"": ""book"", ""rating_value"": ""three""}"
Give zero / 6 stars to this album,"{""best_rating"": ""6"", ""intent"": ""RateBook"", ""object_select"": ""this"", ""object_type"": ""album"", ""rating_unit"": ""stars"", ""rating_value"": ""zero""}"
Add Ray Noble to my Chill Vibes playlist.,"{""artist"": ""Ray Noble"", ""intent"": ""AddToPlaylist"", ""playlist"": ""Chill Vibes"", ""playlist_owner"": ""my""}"
add scott putesky to concentración indie rock playlist,"{""artist"": ""scott putesky"", ""intent"": ""AddToPlaylist"", ""playlist"": ""concentración indie rock""}"
show the creativity of The Attic,"{""intent"": ""SearchCreativeWork"", ""object_name"": ""The Attic""}"
Rate Earth Made of Glass 1 of 6,"{""best_rating"": ""6"", ""intent"": ""RateBook"", ""object_name"": ""Earth Made of Glass"", ""rating_value"": ""1""}"
give two out of 6 points to Beyond a Boundary,"{""best_rating"": ""6"", ""intent"": ""RateBook"", ""object_name"": ""Beyond a Boundary"", ""rating_unit"": ""points"", ""rating_value"": ""two""}"
rate this novel 5 stars,"{""intent"": ""RateBook"", ""object_select"": ""this"", ""object_type"": ""novel"", ""rating_unit"": ""stars"", ""rating_value"": ""5""}"
Search for Man in a Garage,"{""intent"": ""SearchCreativeWork"", ""object_name"": ""Man in a Garage""}"
Can I put johnny burke onto my lo que suena los angeles playlist?,"{""artist"": ""johnny burke"", ""intent"": ""AddToPlaylist"", ""playlist"": ""lo que suena los angeles"", ""playlist_owner"": ""my""}"
rate the current book series two out of 6 stars,"{""best_rating"": ""6"", ""intent"": ""RateBook"", ""object_part_of_series_type"": ""series"", ""object_select"": ""current"", ""object_type"": ""book"", ""rating_unit"": ""stars"", ""rating_value"": ""two""}"
give this textbook a rating of 3,"{""intent"": ""RateBook"", ""object_select"": ""this"", ""object_type"": ""textbook"", ""rating_value"": ""3""}"
give this textbook 0 of 6 stars,"{""best_rating"": ""6"", ""intent"": ""RateBook"", ""object_select"": ""this"", ""object_type"": ""textbook"", ""rating_unit"": ""stars"", ""rating_value"": ""0""}"
"Can you please look up the game, The Islanders?","{""intent"": ""SearchCreativeWork"", ""object_name"": ""The Islanders"", ""object_type"": ""game""}"
add a j mclean to rock to work,"{""artist"": ""a j mclean"", ""intent"": ""AddToPlaylist"", ""playlist"": ""rock to work""}"
Give this book 1 stars.,"{""intent"": ""RateBook"", ""object_select"": ""this"", ""object_type"": ""book"", ""rating_unit"": ""stars"", ""rating_value"": ""1""}"
Add artist danny carey to my Classic Jazz Singers playlist.,"{""artist"": ""danny carey"", ""intent"": ""AddToPlaylist"", ""music_item"": ""artist"", ""playlist"": ""Classic Jazz Singers"", ""playlist_owner"": ""my""}"
play The Nubians of Plutonia trailer,"{""intent"": ""SearchCreativeWork"", ""object_name"": ""The Nubians of Plutonia"", ""object_type"": ""trailer""}"
Find a picture called Nuclear Blast All Stars: Out of the Dark.,"{""intent"": ""SearchCreativeWork"", ""object_name"": ""Nuclear Blast All Stars: Out of the Dark"", ""object_type"": ""picture""}"
add tune to punk español,"{""intent"": ""AddToPlaylist"", ""music_item"": ""tune"", ""playlist"": ""punk español""}"
Where to buy painting Target Practice,"{""intent"": ""SearchCreativeWork"", ""object_name"": ""Target Practice"", ""object_type"": ""painting""}"
Rate The Country Blues 3 out of 6 stars,"{""best_rating"": ""6"", ""intent"": ""RateBook"", ""object_name"": ""The Country Blues"", ""rating_unit"": ""stars"", ""rating_value"": ""3""}"
put artist Emre Aydin on Happy Birthday playlist,"{""artist"": ""Emre Aydin"", ""intent"": ""AddToPlaylist"", ""music_item"": ""artist"", ""playlist"": ""Happy Birthday""}"
Play me the soundtrack Ready,"{""intent"": ""SearchCreativeWork"", ""object_name"": ""Ready"", ""object_type"": ""soundtrack""}"
the current rating of 6 out of two for a textbook,"{""best_rating"": ""6"", ""intent"": ""RateBook"", ""object_select"": ""current"", ""object_type"": ""textbook"", ""rating_value"": ""two""}"
Rate this book 3 out of 6 points,"{""best_rating"": ""6"", ""intent"": ""RateBook"", ""object_select"": ""this"", ""object_type"": ""book"", ""rating_unit"": ""points"", ""rating_value"": ""3""}"
The current novel I'm reading gets only a one out of 6.,"{""best_rating"": ""6"", ""intent"": ""RateBook"", ""object_select"": ""current"", ""object_type"": ""novel"", ""rating_value"": ""one""}"
For the Classic Road Trip Songs add the entity unwelcome,"{""entity_name"": ""unwelcome"", ""intent"": ""AddToPlaylist"", ""playlist"": ""Classic Road Trip Songs""}"
I would like to rate Hive Propolis 4 stars with a best rating of 6,"{""best_rating"": ""6"", ""intent"": ""RateBook"", ""object_name"": ""Hive Propolis"", ""rating_unit"": ""stars"", ""rating_value"": ""4""}"
Add Julia Fordham to the Massive Soca Hits playlist.,"{""artist"": ""Julia Fordham"", ""intent"": ""AddToPlaylist"", ""playlist"": ""Massive Soca Hits""}"
rate this current novel a 3,"{""intent"": ""RateBook"", ""object_select"": ""current"", ""object_type"": ""novel"", ""rating_value"": ""3""}"
add this track to my road trip playlist,"{""intent"": ""AddToPlaylist"", ""music_item"": ""track"", ""playlist"": ""road trip"", ""playlist_owner"": ""my""}"
Rate A Battle of Nerves three stars out of 6,"{""best_rating"": ""6"", ""intent"": ""RateBook"", ""object_name"": ""A Battle of Nerves"", ""rating_unit"": ""stars"", ""rating_value"": ""three""}"
The trapaholics needs another artist added.,"{""intent"": ""AddToPlaylist"", ""music_item"": ""artist"", ""playlist"": ""trapaholics""}"
rat the current textbook a two out of 6 points,"{""best_rating"": ""6"", ""intent"": ""RateBook"", ""object_select"": ""current"", ""object_type"": ""textbook"", ""rating_unit"": ""points"", ""rating_value"": ""two""}"
Add a billy strayhorn song to my the selektor playlist,"{""artist"": ""billy strayhorn"", ""intent"": ""AddToPlaylist"", ""music_item"": ""song"", ""playlist"": ""the selektor"", ""playlist_owner"": ""my""}"
add this artist to the This Is Dirty Projectors playlist,"{""intent"": ""AddToPlaylist"", ""music_item"": ""artist"", ""playlist"": ""This Is Dirty Projectors""}"
Rate my current novel 2 out of 6 points,"{""best_rating"": ""6"", ""intent"": ""RateBook"", ""object_select"": ""current"", ""object_type"": ""novel"", ""rating_unit"": ""points"", ""rating_value"": ""2""}"
My rating for The Eiffel Tower and Other Mythologies is 0 out of 6 stars,"{""best_rating"": ""6"", ""intent"": ""RateBook"", ""object_name"": ""The Eiffel Tower and Other Mythologies"", ""rating_unit"": ""stars"", ""rating_value"": ""0""}"
"find Framing the Early Middle Ages, a game","{""intent"": ""SearchCreativeWork"", ""object_name"": ""Framing the Early Middle Ages"", ""object_type"": ""game""}"
Add from the ashes to my rock gaming playlist,"{""entity_name"": ""from the ashes"", ""intent"": ""AddToPlaylist"", ""playlist"": ""rock gaming"", ""playlist_owner"": ""my""}"
rate The Wimpy Kid Movie Diary saga 4 out of 6,"{""best_rating"": ""6"", ""intent"": ""RateBook"", ""object_name"": ""The Wimpy Kid Movie Diary"", ""object_part_of_series_type"": ""saga"", ""rating_value"": ""4""}"
rate this essay four out of 6 points,"{""best_rating"": ""6"", ""intent"": ""RateBook"", ""object_select"": ""this"", ""object_type"": ""essay"", ""rating_unit"": ""points"", ""rating_value"": ""four""}"
I think the current album should get a four out of 6 rating.,"{""best_rating"": ""6"", ""intent"": ""RateBook"", ""object_select"": ""current"", ""object_type"": ""album"", ""rating_value"": ""four""}"
add how to my week end playlist,"{""entity_name"": ""how"", ""intent"": ""AddToPlaylist"", ""playlist"": ""week end"", ""playlist_owner"": ""my""}"
show me the television show Operation Thunderbolt,"{""intent"": ""SearchCreativeWork"", ""object_name"": ""Operation Thunderbolt"", ""object_type"": ""television show""}"
Please add something by steve freund to my This Is Luis Fonsi playlist,"{""artist"": ""steve freund"", ""intent"": ""AddToPlaylist"", ""playlist"": ""This Is Luis Fonsi"", ""playlist_owner"": ""my""}"
Please add the song by Sunil Santha to my Pre-Party R&B Jams list,"{""artist"": ""Sunil Santha"", ""intent"": ""AddToPlaylist"", ""music_item"": ""song"", ""playlist"": ""Pre-Party R&B Jams"", ""playlist_owner"": ""my""}"
Put some mac wiseman in my latino caliente playlist.,"{""artist"": ""mac wiseman"", ""intent"": ""AddToPlaylist"", ""playlist"": ""latino caliente"", ""playlist_owner"": ""my""}"
Give Setting Free the Bears series a four out of 6 stars rating.,"{""best_rating"": ""6"", ""intent"": ""RateBook"", ""object_name"": ""Setting Free the Bears"", ""object_part_of_series_type"": ""series"", ""rating_unit"": ""stars"", ""rating_value"": ""four""}"
"Add jennie, jennie to my metal playlist","{""entity_name"": ""jennie, jennie"", ""intent"": ""AddToPlaylist"", ""playlist"": ""metal"", ""playlist_owner"": ""my""}"
The current book i'm reading is only worthy of a 3.,"{""intent"": ""RateBook"", ""object_select"": ""current"", ""object_type"": ""book"", ""rating_value"": ""3""}"
Rate Lords of the Rim zero stars,"{""intent"": ""RateBook"", ""object_name"": ""Lords of the Rim"", ""rating_unit"": ""stars"", ""rating_value"": ""zero""}"
rate this textbook a 4,"{""intent"": ""RateBook"", ""object_select"": ""this"", ""object_type"": ""textbook"", ""rating_value"": ""4""}"
this tune should go on my coffee table jazz playlist,"{""intent"": ""AddToPlaylist"", ""music_item"": ""tune"", ""playlist"": ""coffee table jazz"", ""playlist_owner"": ""my""}"
Look for the Itv.com song,"{""intent"": ""SearchCreativeWork"", ""object_name"": ""Itv.com"", ""object_type"": ""song""}"
Show me a picture of Love,"{""intent"": ""SearchCreativeWork"", ""object_name"": ""Love"", ""object_type"": ""picture""}"
She me the Sons of Satan Praise the Lord picture,"{""intent"": ""SearchCreativeWork"", ""object_name"": ""Sons of Satan Praise the Lord"", ""object_type"": ""picture""}"
Rate the current novel two stars,"{""intent"": ""RateBook"", ""object_select"": ""current"", ""object_type"": ""novel"", ""rating_unit"": ""stars"", ""rating_value"": ""two""}"
the stars for this are 4 for a textbook,"{""intent"": ""RateBook"", ""object_select"": ""this"", ""object_type"": ""textbook"", ""rating_unit"": ""stars"", ""rating_value"": ""4""}"
rate Getting It Wrong from the Beginning a value of 4,"{""intent"": ""RateBook"", ""object_name"": ""Getting It Wrong from the Beginning"", ""rating_value"": ""4""}"
Rate this novel one of 6,"{""best_rating"": ""6"", ""intent"": ""RateBook"", ""object_select"": ""this"", ""object_type"": ""novel"", ""rating_value"": ""one""}"
I'd give The Jewel in the Crown saga four of 6 stars,"{""best_rating"": ""6"", ""intent"": ""RateBook"", ""object_name"": ""The Jewel in the Crown"", ""object_part_of_series_type"": ""saga"", ""rating_unit"": ""stars"", ""rating_value"": ""four""}"
give this essay 4 points,"{""intent"": ""RateBook"", ""object_select"": ""this"", ""object_type"": ""essay"", ""rating_unit"": ""points"", ""rating_value"": ""4""}"
"Please search for the work, Wholehearted.","{""intent"": ""SearchCreativeWork"", ""object_name"": ""Wholehearted""}"
Add George Thorogood to el mejor rock en español,"{""artist"": ""George Thorogood"", ""intent"": ""AddToPlaylist"", ""playlist"": ""el mejor rock en español""}"
add the name covenant to the playlist Fusion Fest,"{""entity_name"": ""covenant"", ""intent"": ""AddToPlaylist"", ""playlist"": ""Fusion Fest""}"
Find an album called Preminchi Choodu.,"{""intent"": ""SearchCreativeWork"", ""object_name"": ""Preminchi Choodu"", ""object_type"": ""album""}"
Please help me find the Selections from the Arista Years video game.,"{""intent"": ""SearchCreativeWork"", ""object_name"": ""Selections from the Arista Years"", ""object_type"": ""video game""}"
Find a painting called Boating on the River Epte.,"{""intent"": ""SearchCreativeWork"", ""object_name"": ""Boating on the River Epte"", ""object_type"": ""painting""}"
I need to find the work Brotherly Love,"{""intent"": ""SearchCreativeWork"", ""object_name"": ""Brotherly Love""}"
Show me the album Til the Morning,"{""intent"": ""SearchCreativeWork"", ""object_name"": ""Til the Morning"", ""object_type"": ""album""}"
Where can I see the show Kind of Glue?,"{""intent"": ""SearchCreativeWork"", ""object_name"": ""Kind of Glue"", ""object_type"": ""show""}"
Look for the Thorns saga,"{""intent"": ""SearchCreativeWork"", ""object_name"": ""Thorns"", ""object_type"": ""saga""}"
I would rate this textbook 5 points and a rating value of 6,"{""best_rating"": ""6"", ""intent"": ""RateBook"", ""object_select"": ""this"", ""object_type"": ""textbook"", ""rating_unit"": ""points"", ""rating_value"": ""5""}"
Can you help me find Tears from a Willow?,"{""intent"": ""SearchCreativeWork"", ""object_name"": ""Tears from a Willow""}"
Add Munawar Ali Khan to my mujeres y hombres y fiesta,"{""artist"": ""Munawar Ali Khan"", ""intent"": ""AddToPlaylist"", ""playlist"": ""mujeres y hombres y fiesta"", ""playlist_owner"": ""my""}"
Rate Encyclopaedia of the Social Sciences zero out of 6,"{""best_rating"": ""6"", ""intent"": ""RateBook"", ""object_name"": ""Encyclopaedia of the Social Sciences"", ""rating_value"": ""zero""}"
rate Quantum Theology one out of 6,"{""best_rating"": ""6"", ""intent"": ""RateBook"", ""object_name"": ""Quantum Theology"", ""rating_value"": ""one""}"
add Armen Movsessian to this is skepta playlist,"{""artist"": ""Armen Movsessian"", ""intent"": ""AddToPlaylist"", ""playlist"": ""this is skepta""}"
What painting is on The Cure discography?,"{""intent"": ""SearchCreativeWork"", ""object_name"": ""The Cure discography"", ""object_type"": ""painting""}"
Can you give this textbook a 2 out of 6?,"{""best_rating"": ""6"", ""intent"": ""RateBook"", ""object_select"": ""this"", ""object_type"": ""textbook"", ""rating_value"": ""2""}"
Show me the work Not a Little Girl Anymore,"{""intent"": ""SearchCreativeWork"", ""object_name"": ""Not a Little Girl Anymore""}"
rate Understanding Physics 5 out of 6,"{""best_rating"": ""6"", ""intent"": ""RateBook"", ""object_name"": ""Understanding Physics"", ""rating_value"": ""5""}"
add Fish Leong to my I Love My '00's R&B playlist,"{""artist"": ""Fish Leong"", ""intent"": ""AddToPlaylist"", ""playlist"": ""I Love My '00's R&B"", ""playlist_owner"": ""my""}"
find Friendship Way,"{""intent"": ""SearchCreativeWork"", ""object_name"": ""Friendship Way""}"
Find a TV show called Revenge of the Nerds.,"{""intent"": ""SearchCreativeWork"", ""object_name"": ""Revenge of the Nerds"", ""object_type"": ""TV show""}"
I give The Penalty three stars,"{""intent"": ""RateBook"", ""object_name"": ""The Penalty"", ""rating_unit"": ""stars"", ""rating_value"": ""three""}"
rate this chronicle a 0,"{""intent"": ""RateBook"", ""object_part_of_series_type"": ""chronicle"", ""object_select"": ""this"", ""rating_value"": ""0""}"
add this Michael V track to my Folk & Americana,"{""artist"": ""Michael V"", ""intent"": ""AddToPlaylist"", ""music_item"": ""track"", ""playlist"": ""Folk & Americana"", ""playlist_owner"": ""my""}"
where can I find the video game called Izuna 2: The Unemployed Ninja Returns,"{""intent"": ""SearchCreativeWork"", ""object_name"": ""Izuna 2: The Unemployed Ninja Returns"", ""object_type"": ""video game""}"
rate Galactic Pot-Healer two points,"{""intent"": ""RateBook"", ""object_name"": ""Galactic Pot-Healer"", ""rating_unit"": ""points"", ""rating_value"": ""two""}"
Add lapponia to my flamenco pa ti playlist.,"{""entity_name"": ""lapponia"", ""intent"": ""AddToPlaylist"", ""playlist"": ""flamenco pa ti"", ""playlist_owner"": ""my""}"
I want to watch the show Food Force,"{""intent"": ""SearchCreativeWork"", ""object_name"": ""Food Force"", ""object_type"": ""show""}"
put this song on my NTC High Intensity Training Tracks playlist,"{""intent"": ""AddToPlaylist"", ""music_item"": ""song"", ""playlist"": ""NTC High Intensity Training Tracks"", ""playlist_owner"": ""my""}"
Please add a tune by kaori utatsuki to my Korean OSTs playlist,"{""artist"": ""kaori utatsuki"", ""intent"": ""AddToPlaylist"", ""music_item"": ""tune"", ""playlist"": ""Korean OSTs"", ""playlist_owner"": ""my""}"
Show me The Courts of Chaos,"{""intent"": ""SearchCreativeWork"", ""object_name"": ""The Courts of Chaos""}"
Rate The Gorilla Hunters 0 stars,"{""intent"": ""RateBook"", ""object_name"": ""The Gorilla Hunters"", ""rating_unit"": ""stars"", ""rating_value"": ""0""}"
look for the game Find Another Way,"{""intent"": ""SearchCreativeWork"", ""object_name"": ""Find Another Way"", ""object_type"": ""game""}"
rate the Effortless Mastery chronicle a 4,"{""intent"": ""RateBook"", ""object_name"": ""Effortless Mastery"", ""object_part_of_series_type"": ""chronicle"", ""rating_value"": ""4""}"
Can you put this xandee song onto my chill playlist?,"{""artist"": ""xandee"", ""intent"": ""AddToPlaylist"", ""music_item"": ""song"", ""playlist"": ""chill"", ""playlist_owner"": ""my""}"
show song schedule Come into the World,"{""intent"": ""SearchCreativeWork"", ""object_name"": ""Come into the World"", ""object_type"": ""song""}"
play the movie I Want My MTV: The Uncensored Story of the Music Video Revolution,"{""intent"": ""SearchCreativeWork"", ""object_name"": ""I Want My MTV: The Uncensored Story of the Music Video Revolution"", ""object_type"": ""movie""}"
Find me the picture entitled I’ll Take Care of You.,"{""intent"": ""SearchCreativeWork"", ""object_name"": ""I’ll Take Care of You"", ""object_type"": ""picture""}"
Give zero out of 6 to the current album,"{""best_rating"": ""6"", ""intent"": ""RateBook"", ""object_select"": ""current"", ""object_type"": ""album"", ""rating_value"": ""zero""}"
add artist my laundry playlist,"{""intent"": ""AddToPlaylist"", ""music_item"": ""artist"", ""playlist"": ""laundry"", ""playlist_owner"": ""my""}"
I feel that Sons and Lovers deserves a rating of 2.,"{""intent"": ""RateBook"", ""object_name"": ""Sons and Lovers"", ""rating_value"": ""2""}"
Add the pop tarts to my this is astor piazzolla playlist,"{""entity_name"": ""the pop tarts"", ""intent"": ""AddToPlaylist"", ""playlist"": ""this is astor piazzolla"", ""playlist_owner"": ""my""}"
Rate this book a 0,"{""intent"": ""RateBook"", ""object_select"": ""this"", ""object_type"": ""book"", ""rating_value"": ""0""}"
Add a tune to my elrow Guest List,"{""intent"": ""AddToPlaylist"", ""music_item"": ""tune"", ""playlist"": ""elrow Guest List"", ""playlist_owner"": ""my""}"
Rate the book The Atmospheric Railway 5 out of 6,"{""best_rating"": ""6"", ""intent"": ""RateBook"", ""object_name"": ""The Atmospheric Railway"", ""object_type"": ""book"", ""rating_value"": ""5""}"
Where can I see the trailer for Experienced II: Embrace Tour 2013 Budokan?,"{""intent"": ""SearchCreativeWork"", ""object_name"": ""Experienced II: Embrace Tour 2013 Budokan"", ""object_type"": ""trailer""}"
Rate this novel a two,"{""intent"": ""RateBook"", ""object_select"": ""this"", ""object_type"": ""novel"", ""rating_value"": ""two""}"
Show me the Only the Strong Survive photograph,"{""intent"": ""SearchCreativeWork"", ""object_name"": ""Only the Strong Survive"", ""object_type"": ""photograph""}"
show me a textbook with a rating of 2 and a maximum rating of 6 that is current,"{""best_rating"": ""6"", ""intent"": ""RateBook"", ""object_select"": ""current"", ""object_type"": ""textbook"", ""rating_value"": ""2""}"
Add el pavo dustin to viajes,"{""artist"": ""el pavo dustin"", ""intent"": ""AddToPlaylist"", ""playlist"": ""viajes""}"
Give this album three out of 6 points,"{""best_rating"": ""6"", ""intent"": ""RateBook"", ""object_select"": ""this"", ""object_type"": ""album"", ""rating_unit"": ""points"", ""rating_value"": ""three""}"
I give The Tin Can Tree a five of 6,"{""best_rating"": ""6"", ""intent"": ""RateBook"", ""object_name"": ""The Tin Can Tree"", ""rating_value"": ""five""}"
Mars Probes gets a 1 rating.,"{""intent"": ""RateBook"", ""object_name"": ""Mars Probes"", ""rating_value"": ""1""}"
I think that this chronicle should have a best rating of 6 and a value of one,"{""best_rating"": ""6"", ""intent"": ""RateBook"", ""object_part_of_series_type"": ""chronicle"", ""object_select"": ""this"", ""rating_value"": ""one""}"
find the show Go with the Flow,"{""intent"": ""SearchCreativeWork"", ""object_name"": ""Go with the Flow"", ""object_type"": ""show""}"
Add the tune to my Epic Classical playlist.,"{""intent"": ""AddToPlaylist"", ""music_item"": ""tune"", ""playlist"": ""Epic Classical"", ""playlist_owner"": ""my""}"
add the song don't drink the water to my playlist,"{""intent"": ""AddToPlaylist"", ""music_item"": ""song"", ""playlist"": ""don't drink the water"", ""playlist_owner"": ""my""}"
find the album Smoke and Mirrors,"{""intent"": ""SearchCreativeWork"", ""object_name"": ""Smoke and Mirrors"", ""object_type"": ""album""}"
I want do you want to build a snowman in my Hip Hop 2017 New School playlist,"{""entity_name"": ""do you want to build a snowman"", ""intent"": ""AddToPlaylist"", ""playlist"": ""Hip Hop 2017 New School"", ""playlist_owner"": ""my""}"
Add I Hate Myself and I Want to Die to my Six string peacefulness,"{""entity_name"": ""I Hate Myself and I Want to Die"", ""intent"": ""AddToPlaylist"", ""playlist"": ""Six string peacefulness"", ""playlist_owner"": ""my""}"
add Keke Wyatt to my Evening Commute playlist,"{""artist"": ""Keke Wyatt"", ""intent"": ""AddToPlaylist"", ""playlist"": ""Evening Commute"", ""playlist_owner"": ""my""}"
Add Marianne Faithfull to june's Hillary Clinton's Women's History Month Playlist.,"{""artist"": ""Marianne Faithfull"", ""intent"": ""AddToPlaylist"", ""playlist"": ""Hillary Clinton's Women's History Month Playlist"", ""playlist_owner"": ""june's""}"
I'd like to see the picture The Collection – The Collector 2,"{""intent"": ""SearchCreativeWork"", ""object_name"": ""The Collection – The Collector 2"", ""object_type"": ""picture""}"
I want to give The Canon of Medicine one out of 6 stars,"{""best_rating"": ""6"", ""intent"": ""RateBook"", ""object_name"": ""The Canon of Medicine"", ""rating_unit"": ""stars"", ""rating_value"": ""one""}"
rate The Overton Window series a two out of 6,"{""best_rating"": ""6"", ""intent"": ""RateBook"", ""object_name"": ""The Overton Window"", ""object_part_of_series_type"": ""series"", ""rating_value"": ""two""}"
rate the current textbook zero out of 6 points,"{""best_rating"": ""6"", ""intent"": ""RateBook"", ""object_select"": ""current"", ""object_type"": ""textbook"", ""rating_unit"": ""points"", ""rating_value"": ""zero""}"
add flying to my Women of Rock playlist,"{""entity_name"": ""flying"", ""intent"": ""AddToPlaylist"", ""playlist"": ""Women of Rock"", ""playlist_owner"": ""my""}"
Find a TV show called Studies in Logic.,"{""intent"": ""SearchCreativeWork"", ""object_name"": ""Studies in Logic"", ""object_type"": ""TV show""}"
Rate The Drowning a 3.,"{""intent"": ""RateBook"", ""object_name"": ""The Drowning"", ""rating_value"": ""3""}"
add Philip Labonte to Women of R&B playlist,"{""artist"": ""Philip Labonte"", ""intent"": ""AddToPlaylist"", ""playlist"": ""Women of R&B""}"
find Phinally Phamous,"{""intent"": ""SearchCreativeWork"", ""object_name"": ""Phinally Phamous""}"
Give this essay four stars / 6.,"{""best_rating"": ""6"", ""intent"": ""RateBook"", ""object_select"": ""this"", ""object_type"": ""essay"", ""rating_unit"": ""stars"", ""rating_value"": ""four""}"
this artist should go onto my playlist called the piano bar,"{""intent"": ""AddToPlaylist"", ""music_item"": ""artist"", ""playlist"": ""the piano bar"", ""playlist_owner"": ""my""}"
add tune to my playlist ironing,"{""intent"": ""AddToPlaylist"", ""music_item"": ""tune"", ""playlist"": ""ironing"", ""playlist_owner"": ""my""}"
Search for the game Difficult Loves,"{""intent"": ""SearchCreativeWork"", ""object_name"": ""Difficult Loves"", ""object_type"": ""game""}"
Can you add something by Vikki Thorn to my lo mejor de los 80's playlist,"{""artist"": ""Vikki Thorn"", ""intent"": ""AddToPlaylist"", ""playlist"": ""lo mejor de los 80's"", ""playlist_owner"": ""my""}"
I give Cross Country four out of 6.,"{""best_rating"": ""6"", ""intent"": ""RateBook"", ""object_name"": ""Cross Country"", ""rating_value"": ""four""}"
When was the TV show CrazySexyCool taken off air?,"{""intent"": ""SearchCreativeWork"", ""object_name"": ""CrazySexyCool"", ""object_type"": ""TV show""}"
Please search for Switched.,"{""intent"": ""SearchCreativeWork"", ""object_name"": ""Switched""}"
give The God Machine two of 6 points,"{""best_rating"": ""6"", ""intent"": ""RateBook"", ""object_name"": ""The God Machine"", ""rating_unit"": ""points"", ""rating_value"": ""two""}"
Show The Caveman television show,"{""intent"": ""SearchCreativeWork"", ""object_name"": ""The Caveman"", ""object_type"": ""television show""}"
rate Doctor No one of 6,"{""best_rating"": ""6"", ""intent"": ""RateBook"", ""object_name"": ""Doctor No"", ""rating_value"": ""one""}"
search for Space on My Hands,"{""intent"": ""SearchCreativeWork"", ""object_name"": ""Space on My Hands""}"
I want to rate Hostile Waters chronicle book with five out of 6,"{""best_rating"": ""6"", ""intent"": ""RateBook"", ""object_name"": ""Hostile Waters"", ""object_part_of_series_type"": ""chronicle"", ""object_type"": ""book"", ""rating_value"": ""five""}"
Find a movie called Greatest Time of Year.,"{""intent"": ""SearchCreativeWork"", ""object_name"": ""Greatest Time of Year"", ""object_type"": ""movie""}"
add Ian Stuart Donaldson to canadian country,"{""artist"": ""Ian Stuart Donaldson"", ""intent"": ""AddToPlaylist"", ""playlist"": ""canadian country""}"
add agua y sal in Classic Jazz Funk,"{""entity_name"": ""agua y sal"", ""intent"": ""AddToPlaylist"", ""playlist"": ""Classic Jazz Funk""}"
Find me The River of Love saga,"{""intent"": ""SearchCreativeWork"", ""object_name"": ""The River of Love"", ""object_type"": ""saga""}"
"I'm looking for Dead at 21, the TV series","{""intent"": ""SearchCreativeWork"", ""object_name"": ""Dead at 21"", ""object_type"": ""TV series""}"
add track to orgullo gay,"{""intent"": ""AddToPlaylist"", ""music_item"": ""track"", ""playlist"": ""orgullo gay""}"
I'd looking for the saga PlayCanvas.,"{""intent"": ""SearchCreativeWork"", ""object_name"": ""PlayCanvas"", ""object_type"": ""saga""}"
"find The Living Room Tapes, a TV series","{""intent"": ""SearchCreativeWork"", ""object_name"": ""The Living Room Tapes"", ""object_type"": ""TV series""}"
Find a show called Last Night On Earth.,"{""intent"": ""SearchCreativeWork"", ""object_name"": ""Last Night On Earth"", ""object_type"": ""show""}"
Look up the Act of Valor TV show,"{""intent"": ""SearchCreativeWork"", ""object_name"": ""Act of Valor"", ""object_type"": ""TV show""}"
look for the book The Girl Who Was Plugged In,"{""intent"": ""SearchCreativeWork"", ""object_name"": ""The Girl Who Was Plugged In"", ""object_type"": ""book""}"
Please find me the Youth Against Fascism television show.,"{""intent"": ""SearchCreativeWork"", ""object_name"": ""Youth Against Fascism"", ""object_type"": ""television show""}"
find the photograph Underneath the Tree,"{""intent"": ""SearchCreativeWork"", ""object_name"": ""Underneath the Tree"", ""object_type"": ""photograph""}"
add digging now to my Young at Heart playlist,"{""entity_name"": ""Young at Heart"", ""intent"": ""AddToPlaylist"", ""playlist"": ""digging now"", ""playlist_owner"": ""my""}"
give 4 points to Fight Club,"{""intent"": ""RateBook"", ""object_name"": ""Fight Club"", ""rating_unit"": ""points"", ""rating_value"": ""4""}"
Please add this song to indiespain list,"{""intent"": ""AddToPlaylist"", ""music_item"": ""song"", ""playlist"": ""indiespain""}"
find the soundtrack titled This Side of Paradise,"{""intent"": ""SearchCreativeWork"", ""object_name"": ""This Side of Paradise"", ""object_type"": ""soundtrack""}"
I want to give the current novel 4 stars,"{""intent"": ""RateBook"", ""object_select"": ""current"", ""object_type"": ""novel"", ""rating_unit"": ""stars"", ""rating_value"": ""4""}"
add this extended play to Women's Lit playlist,"{""entity_name"": ""extended play"", ""intent"": ""AddToPlaylist"", ""playlist"": ""Women's Lit""}"
give After Worlds Collide a 1,"{""intent"": ""RateBook"", ""object_name"": ""After Worlds Collide"", ""rating_value"": ""1""}"
Add tune to downtempo beats,"{""intent"": ""AddToPlaylist"", ""music_item"": ""tune"", ""playlist"": ""downtempo beats""}"
I'd give this essay a three of 6,"{""best_rating"": ""6"", ""intent"": ""RateBook"", ""object_select"": ""this"", ""object_type"": ""essay"", ""rating_value"": ""three""}"
Please get me The Henderson Kids saga.,"{""intent"": ""SearchCreativeWork"", ""object_name"": ""The Henderson Kids"", ""object_type"": ""saga""}"
give 3 out of 6 to current textbook,"{""best_rating"": ""6"", ""intent"": ""RateBook"", ""object_select"": ""current"", ""object_type"": ""textbook"", ""rating_value"": ""3""}"
Add house of pain to my 90s Indie playlist,"{""entity_name"": ""house of pain"", ""intent"": ""AddToPlaylist"", ""playlist"": ""90s Indie"", ""playlist_owner"": ""my""}"
rate Pastwatch: The Redemption of Christopher Columbus chronicle zero points,"{""intent"": ""RateBook"", ""object_name"": ""Pastwatch: The Redemption of Christopher Columbus"", ""object_part_of_series_type"": ""chronicle"", ""rating_unit"": ""points"", ""rating_value"": ""zero""}"
Can you find the album SimpleScreenRecorder,"{""intent"": ""SearchCreativeWork"", ""object_name"": ""SimpleScreenRecorder"", ""object_type"": ""album""}"
help me find the book called Journal of Neuroscience Research,"{""intent"": ""SearchCreativeWork"", ""object_name"": ""Journal of Neuroscience Research"", ""object_type"": ""book""}"
Go to After Dusk They Come,"{""intent"": ""SearchCreativeWork"", ""object_name"": ""After Dusk They Come""}"
Find me an album called Rejoicing with the Light,"{""intent"": ""SearchCreativeWork"", ""object_name"": ""Rejoicing with the Light"", ""object_type"": ""album""}"
"I'm looking for the hit album, The Politics of Dancing.","{""intent"": ""SearchCreativeWork"", ""object_name"": ""The Politics of Dancing"", ""object_type"": ""album""}"
Add inconfundible to the piano in the background playlist.,"{""entity_name"": ""inconfundible"", ""intent"": ""AddToPlaylist"", ""playlist"": ""piano in the background""}"
What is the Michael Moore Is a Big Fat Stupid White Man video game?,"{""intent"": ""SearchCreativeWork"", ""object_name"": ""Michael Moore Is a Big Fat Stupid White Man"", ""object_type"": ""video game""}"
Add another tune to my Pumping Iron playlist.,"{""intent"": ""AddToPlaylist"", ""music_item"": ""tune"", ""playlist"": ""Pumping Iron"", ""playlist_owner"": ""my""}"
play the song S.F. sound furniture,"{""intent"": ""SearchCreativeWork"", ""object_name"": ""S.F. sound furniture"", ""object_type"": ""song""}"
find Some of My Best Friends Are...The Piano Players,"{""intent"": ""SearchCreativeWork"", ""object_name"": ""Some of My Best Friends Are...The Piano Players""}"
Find The Photographic Journal.,"{""intent"": ""SearchCreativeWork"", ""object_name"": ""The Photographic Journal""}"
I give the chronicle Atop an Underwood: Early Stories and Other Writings a rating value of 3 and a best rating of 6,"{""best_rating"": ""6"", ""intent"": ""RateBook"", ""object_name"": ""Atop an Underwood: Early Stories and Other Writings"", ""object_part_of_series_type"": ""chronicle"", ""rating_value"": ""3""}"
Add the Spirit of Life to nação reggae,"{""entity_name"": ""Spirit of Life"", ""intent"": ""AddToPlaylist"", ""playlist"": ""nação reggae""}"
add Kisaki to Family Road Trip playlist,"{""artist"": ""Kisaki"", ""intent"": ""AddToPlaylist"", ""playlist"": ""Family Road Trip""}"
Please pull up the photograph entitled Another Period,"{""intent"": ""SearchCreativeWork"", ""object_name"": ""Another Period"", ""object_type"": ""photograph""}"
"The Night Lamp was ok at best, two stars out of 6 possible.","{""best_rating"": ""6"", ""intent"": ""RateBook"", ""object_name"": ""Night Lamp"", ""rating_unit"": ""stars"", ""rating_value"": ""two""}"
this next essay is worth five,"{""intent"": ""RateBook"", ""object_select"": ""next"", ""object_type"": ""essay"", ""rating_value"": ""five""}"
Get soundtrack of Comprehensive Knowledge Archive Network,"{""intent"": ""SearchCreativeWork"", ""object_name"": ""Comprehensive Knowledge Archive Network"", ""object_type"": ""soundtrack""}"
Award Blood tables 2 points,"{""intent"": ""RateBook"", ""object_name"": ""Blood tables"", ""rating_unit"": ""points"", ""rating_value"": ""2""}"
Add song to instrumental study,"{""intent"": ""AddToPlaylist"", ""music_item"": ""song"", ""playlist"": ""instrumental study""}"
add d-day dodgers to my running power playlist,"{""entity_name"": ""d-day dodgers"", ""intent"": ""AddToPlaylist"", ""playlist"": ""running power"", ""playlist_owner"": ""my""}"
Give the current album a four.,"{""intent"": ""RateBook"", ""object_select"": ""current"", ""object_type"": ""album"", ""rating_value"": ""four""}"
rate Tropic of Orange a three,"{""intent"": ""RateBook"", ""object_name"": ""Tropic of Orange"", ""rating_value"": ""three""}"
Find a video game called New York 911.,"{""intent"": ""SearchCreativeWork"", ""object_name"": ""New York 911"", ""object_type"": ""video game""}"
rate The Sea of Trolls 1 stars out of 6,"{""best_rating"": ""6"", ""intent"": ""RateBook"", ""object_name"": ""The Sea of Trolls"", ""rating_unit"": ""stars"", ""rating_value"": ""1""}"
I want to watch the television show Symphony for Solo Piano,"{""intent"": ""SearchCreativeWork"", ""object_name"": ""Symphony for Solo Piano"", ""object_type"": ""television show""}"
Rate the current book a zero of 6,"{""best_rating"": ""6"", ""intent"": ""RateBook"", ""object_select"": ""current"", ""object_type"": ""book"", ""rating_value"": ""zero""}"
I would give The Call of the Toad a value of zero and a best rating of 6,"{""best_rating"": ""6"", ""intent"": ""RateBook"", ""object_name"": ""The Call of the Toad"", ""rating_value"": ""zero""}"
show me the picture Sex and Drugs and Jesus Christ,"{""intent"": ""SearchCreativeWork"", ""object_name"": ""Sex and Drugs and Jesus Christ"", ""object_type"": ""picture""}"
Can you add some Tommie Sunshine to my chill out playlist,"{""artist"": ""Tommie Sunshine"", ""intent"": ""AddToPlaylist"", ""playlist"": ""chill out"", ""playlist_owner"": ""my""}"
Add First Issue to my your favorite slaughterhouse playlist,"{""entity_name"": ""First Issue"", ""intent"": ""AddToPlaylist"", ""playlist"": ""your favorite slaughterhouse"", ""playlist_owner"": ""my""}"
Add Famous to my playlist lo que suena new york,"{""entity_name"": ""Famous"", ""intent"": ""AddToPlaylist"", ""playlist"": ""lo que suena new york"", ""playlist_owner"": ""my""}"
I rate the book Rusty String Quartet a 4,"{""intent"": ""RateBook"", ""object_name"": ""Rusty String Quartet"", ""object_type"": ""book"", ""rating_value"": ""4""}"
find the trailer for Hotel on the Corner of Bitter and Sweet,"{""intent"": ""SearchCreativeWork"", ""object_name"": ""Hotel on the Corner of Bitter and Sweet"", ""object_type"": ""trailer""}"
Add to my playlist heavy gamer the name blaydon races,"{""entity_name"": ""blaydon races"", ""intent"": ""AddToPlaylist"", ""playlist"": ""heavy gamer"", ""playlist_owner"": ""my""}"
Rate the current textbook a 0 out of 6.,"{""best_rating"": ""6"", ""intent"": ""RateBook"", ""object_select"": ""current"", ""object_type"": ""textbook"", ""rating_value"": ""0""}"
"For the book Ethics, my rating is 2 out of 6","{""best_rating"": ""6"", ""intent"": ""RateBook"", ""object_name"": ""Ethics"", ""object_type"": ""book"", ""rating_value"": ""2""}"
Where can I find the movie The National Law Review,"{""intent"": ""SearchCreativeWork"", ""object_name"": ""The National Law Review"", ""object_type"": ""movie""}"
this essay is five stars for sure,"{""intent"": ""RateBook"", ""object_select"": ""this"", ""object_type"": ""essay"", ""rating_unit"": ""stars"", ""rating_value"": ""five""}"
Look for a photograph of Tailwind,"{""intent"": ""SearchCreativeWork"", ""object_name"": ""Tailwind"", ""object_type"": ""photograph""}"
rate The Key Word and Other Mysteries 4 of 6,"{""best_rating"": ""6"", ""intent"": ""RateBook"", ""object_name"": ""The Key Word and Other Mysteries"", ""rating_value"": ""4""}"
I give What We Talk About When We Talk About Love a two of 6,"{""best_rating"": ""6"", ""intent"": ""RateBook"", ""object_name"": ""What We Talk About When We Talk About Love"", ""rating_value"": ""two""}"
Can you add Blood On The Face to the playlist called Heartland Country,"{""entity_name"": ""Blood On The Face"", ""intent"": ""AddToPlaylist"", ""playlist"": ""Heartland Country""}"
Can you put the album onto Cierra La Puerta?,"{""intent"": ""AddToPlaylist"", ""music_item"": ""album"", ""playlist"": ""Cierra La Puerta""}"
add song to Trap Land,"{""intent"": ""AddToPlaylist"", ""music_item"": ""song"", ""playlist"": ""Trap Land""}"
I rate three points for the book The Early Coorgs,"{""intent"": ""RateBook"", ""object_name"": ""The Early Coorgs"", ""object_type"": ""book"", ""rating_unit"": ""points"", ""rating_value"": ""three""}"
add richard sohl to dinner for 2,"{""artist"": ""richard sohl"", ""intent"": ""AddToPlaylist"", ""playlist"": ""dinner for 2""}"
For this book I rate four points,"{""intent"": ""RateBook"", ""object_select"": ""this"", ""object_type"": ""book"", ""rating_unit"": ""points"", ""rating_value"": ""four""}"
Rate The Life and Loves of a She-Devil 5 out of 6,"{""best_rating"": ""6"", ""intent"": ""RateBook"", ""object_name"": ""The Life and Loves of a She-Devil"", ""rating_value"": ""5""}"
Rate the current book three out of 6.,"{""best_rating"": ""6"", ""intent"": ""RateBook"", ""object_select"": ""current"", ""object_type"": ""book"", ""rating_value"": ""three""}"
give four out of 6 rating to The Cattle King,"{""best_rating"": ""6"", ""intent"": ""RateBook"", ""object_name"": ""The Cattle King"", ""rating_value"": ""four""}"
Add tune to my hot 50,"{""intent"": ""AddToPlaylist"", ""music_item"": ""tune"", ""playlist"": ""hot 50"", ""playlist_owner"": ""my""}"
Add the tune from Leena Peisa to my amor amor playlist.,"{""artist"": ""Leena Peisa"", ""intent"": ""AddToPlaylist"", ""music_item"": ""tune"", ""playlist"": ""amor amor"", ""playlist_owner"": ""my""}"
this chronicle gets a three out of 6.,"{""best_rating"": ""6"", ""intent"": ""RateBook"", ""object_part_of_series_type"": ""chronicle"", ""object_select"": ""this"", ""rating_value"": ""three""}"
I give the previous saga 4 out of 6,"{""best_rating"": ""6"", ""intent"": ""RateBook"", ""object_part_of_series_type"": ""saga"", ""object_select"": ""previous"", ""rating_value"": ""4""}"
Find A New Machine,"{""intent"": ""SearchCreativeWork"", ""object_name"": ""A New Machine""}"
add the artist Choclair to La mejor música de BSO,"{""artist"": ""Choclair"", ""intent"": ""AddToPlaylist"", ""music_item"": ""artist"", ""playlist"": ""La mejor música de BSO""}"
add the current artist to my top 100 pop tracks on spotify playlist,"{""intent"": ""AddToPlaylist"", ""music_item"": ""artist"", ""playlist"": ""top 100 pop tracks on spotify"", ""playlist_owner"": ""my""}"
add this tune to the Deep Dark Indie Folk playlist,"{""intent"": ""AddToPlaylist"", ""music_item"": ""tune"", ""playlist"": ""Deep Dark Indie Folk""}"
Add name Me & the Rhythm to my chill out music,"{""entity_name"": ""Me & the Rhythm"", ""intent"": ""AddToPlaylist"", ""playlist"": ""chill out music"", ""playlist_owner"": ""my""}"
give the current series 3 points,"{""intent"": ""RateBook"", ""object_part_of_series_type"": ""series"", ""object_select"": ""current"", ""rating_unit"": ""points"", ""rating_value"": ""3""}"
How can I rate the current chronicle 5 stars?,"{""intent"": ""RateBook"", ""object_name"": ""How"", ""object_part_of_series_type"": ""chronicle"", ""object_select"": ""current"", ""rating_unit"": ""stars"", ""rating_value"": ""5""}"
rate The Sail and Steam Navy List 5 stars,"{""intent"": ""RateBook"", ""object_name"": ""The Sail and Steam Navy List"", ""rating_unit"": ""stars"", ""rating_value"": ""5""}"
"Add the Beatles tune Yesterday to my playlist, The Southern Highway Chronicles","{""intent"": ""AddToPlaylist"", ""music_item"": ""tune"", ""playlist"": ""The Southern Highway Chronicles"", ""playlist_owner"": ""my""}"
"Can you help me locate the game, Coast?","{""intent"": ""SearchCreativeWork"", ""object_name"": ""Coast"", ""object_type"": ""game""}"
play Hell House song,"{""intent"": ""SearchCreativeWork"", ""object_name"": ""Hell House"", ""object_type"": ""song""}"
I want to rate the Selected Letters of H. P. Lovecraft I saga 3 stars,"{""intent"": ""RateBook"", ""object_name"": ""Selected Letters of H. P. Lovecraft I"", ""object_part_of_series_type"": ""saga"", ""rating_unit"": ""stars"", ""rating_value"": ""3""}"
Find The Cerebellum book,"{""intent"": ""SearchCreativeWork"", ""object_name"": ""The Cerebellum"", ""object_type"": ""book""}"
put jtr on the Top Classical playlist,"{""entity_name"": ""jtr"", ""intent"": ""AddToPlaylist"", ""playlist"": ""Top Classical""}"
I would rate The Story of the Glittering Plain a zero,"{""intent"": ""RateBook"", ""object_name"": ""The Story of the Glittering Plain"", ""rating_value"": ""zero""}"
Find The Passion of Michel Foucault novel,"{""intent"": ""SearchCreativeWork"", ""object_name"": ""The Passion of Michel Foucault"", ""object_type"": ""novel""}"
I would like to add something by Kuk Harrell to my Hip Hop 2017 New School playlist,"{""artist"": ""Kuk Harrell"", ""intent"": ""AddToPlaylist"", ""playlist"": ""Hip Hop 2017 New School"", ""playlist_owner"": ""my""}"
Add Milas Poli to my Indie Bluegrass,"{""entity_name"": ""Milas Poli"", ""intent"": ""AddToPlaylist"", ""playlist"": ""Indie Bluegrass"", ""playlist_owner"": ""my""}"
give 4 points to this novel,"{""intent"": ""RateBook"", ""object_select"": ""this"", ""object_type"": ""novel"", ""rating_unit"": ""points"", ""rating_value"": ""4""}"
Add Jon McLaughlin to my forever country playlist.,"{""artist"": ""Jon McLaughlin"", ""intent"": ""AddToPlaylist"", ""playlist"": ""forever country"", ""playlist_owner"": ""my""}"
Find the photograph The Remix please,"{""intent"": ""SearchCreativeWork"", ""object_name"": ""The Remix"", ""object_type"": ""photograph""}"
Can you find me The Ridiculous 6 book?,"{""intent"": ""SearchCreativeWork"", ""object_name"": ""The Ridiculous 6"", ""object_type"": ""book""}"
I want to add the Classical Moments in Movies track to my playlist,"{""intent"": ""AddToPlaylist"", ""music_item"": ""track"", ""playlist"": ""Classical Moments in Movies"", ""playlist_owner"": ""my""}"
Rate this album 0 points,"{""intent"": ""RateBook"", ""object_select"": ""this"", ""object_type"": ""album"", ""rating_unit"": ""points"", ""rating_value"": ""0""}"
put this artist into my found them first playlist please,"{""intent"": ""AddToPlaylist"", ""music_item"": ""artist"", ""playlist"": ""found them first"", ""playlist_owner"": ""my""}"
add tune to my playlist eletro br,"{""intent"": ""AddToPlaylist"", ""music_item"": ""tune"", ""playlist"": ""eletro br"", ""playlist_owner"": ""my""}"
Find Digimon Next,"{""intent"": ""SearchCreativeWork"", ""object_name"": ""Digimon Next""}"
Add a track to the El Mejor Pop en Español playlist.,"{""intent"": ""AddToPlaylist"", ""music_item"": ""track"", ""playlist"": ""El Mejor Pop en Español""}"
Rate the current novel 3 points.,"{""intent"": ""RateBook"", ""object_select"": ""current"", ""object_type"": ""novel"", ""rating_unit"": ""points"", ""rating_value"": ""3""}"
Add Elkie Brooks to Happy Birthday playlist,"{""artist"": ""Elkie Brooks"", ""intent"": ""AddToPlaylist"", ""playlist"": ""Happy Birthday""}"
Show me a photograph called The Daily Slovak News,"{""intent"": ""SearchCreativeWork"", ""object_name"": ""The Daily Slovak News"", ""object_type"": ""photograph""}"
add artist post metal to playlist,"{""intent"": ""AddToPlaylist"", ""music_item"": ""artist"", ""playlist"": ""post metal""}"
Please add a song to ines's playlist called Metal Party,"{""intent"": ""AddToPlaylist"", ""music_item"": ""song"", ""playlist"": ""Metal Party"", ""playlist_owner"": ""ines's""}"
A Sport and a Pastime is a solid 5 out of 6 points,"{""best_rating"": ""6"", ""intent"": ""RateBook"", ""object_name"": ""A Sport and a Pastime"", ""rating_unit"": ""points"", ""rating_value"": ""5""}"
ad i should have known better to this is bb king,"{""entity_name"": ""i should have known better"", ""intent"": ""AddToPlaylist"", ""playlist"": ""this is bb king""}"
find the book Time and Again,"{""intent"": ""SearchCreativeWork"", ""object_name"": ""Time and Again"", ""object_type"": ""book""}"
rate the current book 3 out of 6 stars,"{""best_rating"": ""6"", ""intent"": ""RateBook"", ""object_select"": ""current"", ""object_type"": ""book"", ""rating_unit"": ""stars"", ""rating_value"": ""3""}"
"find Cluster Computing, a game","{""intent"": ""SearchCreativeWork"", ""object_name"": ""Cluster Computing"", ""object_type"": ""game""}"
Rate the current chronicle a one,"{""intent"": ""RateBook"", ""object_part_of_series_type"": ""chronicle"", ""object_select"": ""current"", ""rating_value"": ""one""}"
please put the artist Matt McKenna in my This Is Shakira playlist,"{""artist"": ""Matt McKenna"", ""intent"": ""AddToPlaylist"", ""music_item"": ""artist"", ""playlist"": ""This Is Shakira"", ""playlist_owner"": ""my""}"
add album to this is trey songz playlist,"{""intent"": ""AddToPlaylist"", ""music_item"": ""album"", ""playlist"": ""this is trey songz""}"
give 5 out of 6 stars to Creatures of Light and Darkness,"{""best_rating"": ""6"", ""intent"": ""RateBook"", ""object_name"": ""Creatures of Light and Darkness"", ""rating_unit"": ""stars"", ""rating_value"": ""5""}"
Swine Not? deserves four points,"{""intent"": ""RateBook"", ""object_name"": ""Swine Not"", ""rating_unit"": ""points"", ""rating_value"": ""four""}"
I want to listen to the Music of Ghost in the Shell: Stand Alone Complex,"{""intent"": ""SearchCreativeWork"", ""object_name"": ""Music of Ghost in the Shell: Stand Alone Complex""}"
Find me Royal Astronomy,"{""intent"": ""SearchCreativeWork"", ""object_name"": ""Royal Astronomy""}"
rate this current saga 3 out of 6 points,"{""best_rating"": ""6"", ""intent"": ""RateBook"", ""object_part_of_series_type"": ""saga"", ""object_select"": ""current"", ""rating_unit"": ""points"", ""rating_value"": ""3""}"
Give the book Men and the City 3 out of 6 stars,"{""best_rating"": ""6"", ""intent"": ""RateBook"", ""object_name"": ""Men and the City"", ""object_type"": ""book"", ""rating_unit"": ""stars"", ""rating_value"": ""3""}"
Show Family Plot,"{""intent"": ""SearchCreativeWork"", ""object_name"": ""Family Plot""}"
Where to buy video game of Think Fast,"{""intent"": ""SearchCreativeWork"", ""object_name"": ""Think Fast"", ""object_type"": ""video game""}"
Play the TV series Effortless Regurgitation of Bright Red Blood,"{""intent"": ""SearchCreativeWork"", ""object_name"": ""Effortless Regurgitation of Bright Red Blood"", ""object_type"": ""TV series""}"
add grim skunk to Duetos,"{""entity_name"": ""grim skunk"", ""intent"": ""AddToPlaylist"", ""playlist"": ""Duetos""}"
add Hemanta Kumar Mukhopadhyay album in Funky Jams,"{""artist"": ""Hemanta Kumar Mukhopadhyay"", ""intent"": ""AddToPlaylist"", ""music_item"": ""album"", ""playlist"": ""Funky Jams""}"
Where can I find the picture of House Foundation,"{""intent"": ""SearchCreativeWork"", ""object_name"": ""House Foundation"", ""object_type"": ""picture""}"
search for video game The Sky Is Crying,"{""intent"": ""SearchCreativeWork"", ""object_name"": ""The Sky Is Crying"", ""object_type"": ""video game""}"
Add this tune to my playlist Guest List Mashable,"{""intent"": ""AddToPlaylist"", ""music_item"": ""tune"", ""playlist"": ""Guest List Mashable"", ""playlist_owner"": ""my""}"
I would give The Northern Reaches a rating of one,"{""intent"": ""RateBook"", ""object_name"": ""The Northern Reaches"", ""rating_value"": ""one""}"
rate the next book four stars,"{""intent"": ""RateBook"", ""object_select"": ""next"", ""object_type"": ""book"", ""rating_unit"": ""stars"", ""rating_value"": ""four""}"
find The Angry Birds Movie,"{""intent"": ""SearchCreativeWork"", ""object_name"": ""The Angry Birds Movie""}"
Rate The Documents in the Case series two of 6,"{""best_rating"": ""6"", ""intent"": ""RateBook"", ""object_name"": ""The Documents in the Case"", ""object_part_of_series_type"": ""series"", ""rating_value"": ""two""}"
"Find me the novel, Between the Rivers.","{""intent"": ""SearchCreativeWork"", ""object_name"": ""Between the Rivers"", ""object_type"": ""novel""}"
Add Showcase in a Suitcase to the chill out playlist.,"{""entity_name"": ""Showcase in a Suitcase"", ""intent"": ""AddToPlaylist"", ""playlist"": ""chill out""}"
Add this tune to the Spinnin' Records Top 100 list,"{""intent"": ""AddToPlaylist"", ""music_item"": ""tune"", ""playlist"": ""Spinnin' Records Top 100""}"
Show Panic in the Streets,"{""intent"": ""SearchCreativeWork"", ""object_name"": ""Panic in the Streets""}"
Put more Unbelievable in my grandes unplugged playlist.,"{""entity_name"": ""Unbelievable"", ""intent"": ""AddToPlaylist"", ""playlist"": ""grandes unplugged"", ""playlist_owner"": ""my""}"
rate The Brothers Karamazov a four,"{""intent"": ""RateBook"", ""object_name"": ""The Brothers Karamazov"", ""rating_value"": ""four""}"
I think this novel gets 1 stars,"{""intent"": ""RateBook"", ""object_select"": ""this"", ""object_type"": ""novel"", ""rating_unit"": ""stars"", ""rating_value"": ""1""}"
show creativity of Sing to the Dawn,"{""intent"": ""SearchCreativeWork"", ""object_name"": ""Sing to the Dawn""}"
Find the Rewind the Film TV show,"{""intent"": ""SearchCreativeWork"", ""object_name"": ""Rewind the Film"", ""object_type"": ""TV show""}"
Add the song to the Mac 'N Cheese playlist.,"{""intent"": ""AddToPlaylist"", ""music_item"": ""song"", ""playlist"": ""Mac 'N Cheese""}"
find a TV show called Randy Scouse Git,"{""intent"": ""SearchCreativeWork"", ""object_name"": ""Randy Scouse Git"", ""object_type"": ""TV show""}"
play TV show Way of the Samurai 2,"{""intent"": ""SearchCreativeWork"", ""object_name"": ""Way of the Samurai 2"", ""object_type"": ""TV show""}"
give 5 out of 6 to this album,"{""best_rating"": ""6"", ""intent"": ""RateBook"", ""object_select"": ""this"", ""object_type"": ""album"", ""rating_value"": ""5""}"
Rate the current book a zero.,"{""intent"": ""RateBook"", ""object_select"": ""current"", ""object_type"": ""book"", ""rating_value"": ""zero""}"
Play Nightbirds on Nantucket soundtrack,"{""intent"": ""SearchCreativeWork"", ""object_name"": ""Nightbirds on Nantucket"", ""object_type"": ""soundtrack""}"
Rate this novel a five out of 6,"{""best_rating"": ""6"", ""intent"": ""RateBook"", ""object_select"": ""this"", ""object_type"": ""novel"", ""rating_value"": ""five""}"
give The Zenith Angle one out of 6 points,"{""best_rating"": ""6"", ""intent"": ""RateBook"", ""object_name"": ""The Zenith Angle"", ""rating_unit"": ""points"", ""rating_value"": ""one""}"
Rate Lamy of Santa Fe 5 of 6 stars,"{""best_rating"": ""6"", ""intent"": ""RateBook"", ""object_name"": ""Lamy of Santa Fe"", ""rating_unit"": ""stars"", ""rating_value"": ""5""}"
Rate Mouse Noses on Toast 5 points out of 6,"{""best_rating"": ""6"", ""intent"": ""RateBook"", ""object_name"": ""Mouse Noses on Toast"", ""rating_unit"": ""points"", ""rating_value"": ""5""}"
Find painting Big Ideas,"{""intent"": ""SearchCreativeWork"", ""object_name"": ""Big Ideas"", ""object_type"": ""painting""}"
put this album on my dubstep dangles dirty playlist,"{""intent"": ""AddToPlaylist"", ""music_item"": ""album"", ""playlist"": ""dubstep dangles dirty"", ""playlist_owner"": ""my""}"
The Revolution Script should have a rating value of three and a best rating of 6,"{""best_rating"": ""6"", ""intent"": ""RateBook"", ""object_name"": ""The Revolution Script"", ""rating_value"": ""three""}"
For the book The Mirrored Heavens I give one of a possiable 6 stars,"{""best_rating"": ""6"", ""intent"": ""RateBook"", ""object_name"": ""The Mirrored Heavens"", ""object_type"": ""book"", ""rating_unit"": ""stars"", ""rating_value"": ""one""}"
add great grape to my playlist named Novedades Pop,"{""entity_name"": ""great grape"", ""intent"": ""AddToPlaylist"", ""playlist"": ""Novedades Pop"", ""playlist_owner"": ""my""}"
Give the current saga three stars,"{""intent"": ""RateBook"", ""object_part_of_series_type"": ""saga"", ""object_select"": ""current"", ""rating_unit"": ""stars"", ""rating_value"": ""three""}"
I would give Half a Life 3 out of 6,"{""best_rating"": ""6"", ""intent"": ""RateBook"", ""object_name"": ""Half a Life"", ""rating_value"": ""3""}"
Rate the current album a 2,"{""intent"": ""RateBook"", ""object_select"": ""current"", ""object_type"": ""album"", ""rating_value"": ""2""}"
Find Wish You Were Here.,"{""intent"": ""SearchCreativeWork"", ""object_name"": ""Wish You Were Here""}"
add Curious corn to Wild & Free Workout,"{""entity_name"": ""Curious corn"", ""intent"": ""AddToPlaylist"", ""playlist"": ""Wild & Free Workout""}"
add Dean Martin track to metal xplorer playlist,"{""artist"": ""Dean Martin"", ""intent"": ""AddToPlaylist"", ""music_item"": ""track"", ""playlist"": ""metal xplorer""}"
rate the book saga West with the Night a 2,"{""intent"": ""RateBook"", ""object_name"": ""West with the Night"", ""object_part_of_series_type"": ""saga"", ""object_type"": ""book"", ""rating_value"": ""2""}"
give 1 points to current textbook,"{""intent"": ""RateBook"", ""object_select"": ""current"", ""object_type"": ""textbook"", ""rating_unit"": ""points"", ""rating_value"": ""1""}"
show creativity of Construction Project Information Committee,"{""intent"": ""SearchCreativeWork"", ""object_name"": ""Construction Project Information Committee"", ""object_type"": ""show""}"
Add this tetsuya komuro track to my soulful disco playlist,"{""artist"": ""tetsuya komuro"", ""intent"": ""AddToPlaylist"", ""music_item"": ""track"", ""playlist"": ""soulful disco"", ""playlist_owner"": ""my""}"
Where to watch show Extremely Live,"{""intent"": ""SearchCreativeWork"", ""object_name"": ""Extremely Live"", ""object_type"": ""show""}"
find Amanda Palmer Goes Down Under,"{""intent"": ""SearchCreativeWork"", ""object_name"": ""Amanda Palmer Goes Down Under""}"
I want to rate The Obama Syndrome zero of 6,"{""best_rating"": ""6"", ""intent"": ""RateBook"", ""object_name"": ""The Obama Syndrome"", ""rating_value"": ""zero""}"
give 4 out of 6 stars to this textbook,"{""best_rating"": ""6"", ""intent"": ""RateBook"", ""object_select"": ""this"", ""object_type"": ""textbook"", ""rating_unit"": ""stars"", ""rating_value"": ""4""}"
Rate my current book 1 out of 6 points,"{""best_rating"": ""6"", ""intent"": ""RateBook"", ""object_select"": ""current"", ""object_type"": ""book"", ""rating_unit"": ""points"", ""rating_value"": ""1""}"
Where can I get the novel Flesh-Colored Horror,"{""intent"": ""SearchCreativeWork"", ""object_name"": ""Flesh-Colored Horror"", ""object_type"": ""novel""}"
give five stars to current album,"{""intent"": ""RateBook"", ""object_select"": ""current"", ""object_type"": ""album"", ""rating_unit"": ""stars"", ""rating_value"": ""five""}"
Give this textbook a four.,"{""intent"": ""RateBook"", ""object_select"": ""this"", ""object_type"": ""textbook"", ""rating_value"": ""four""}"
add Beyond the Valley of 1984 in playlist Folk Music At The Gaslight Café,"{""entity_name"": ""Beyond the Valley of 1984"", ""intent"": ""AddToPlaylist"", ""playlist"": ""Folk Music At The Gaslight Café""}"
"find PlayStation官方杂志, a song","{""intent"": ""SearchCreativeWork"", ""object_name"": ""PlayStation官方杂志"", ""object_type"": ""song""}"
Add entity eternally to playlist Lazy Chill Afternoon,"{""entity_name"": ""eternally"", ""intent"": ""AddToPlaylist"", ""playlist"": ""Lazy Chill Afternoon""}"
Add album to Acoustic Spring,"{""intent"": ""AddToPlaylist"", ""music_item"": ""album"", ""playlist"": ""Acoustic Spring""}"
Give this series three points out of 6.,"{""best_rating"": ""6"", ""intent"": ""RateBook"", ""object_part_of_series_type"": ""series"", ""object_select"": ""this"", ""rating_unit"": ""points"", ""rating_value"": ""three""}"
Rate The A-Z Guide to Arranged Marriage 0 of 6,"{""best_rating"": ""6"", ""intent"": ""RateBook"", ""object_name"": ""The A-Z Guide to Arranged Marriage"", ""rating_value"": ""0""}"
add tune to my this is john williams playlist,"{""intent"": ""AddToPlaylist"", ""music_item"": ""tune"", ""playlist"": ""this is john williams"", ""playlist_owner"": ""my""}"
find a TV show called Ride the Wind,"{""intent"": ""SearchCreativeWork"", ""object_name"": ""Ride the Wind"", ""object_type"": ""TV show""}"
I want to see Far Cry Vengeance,"{""intent"": ""SearchCreativeWork"", ""object_name"": ""Far Cry Vengeance""}"
Add Fabri Fibra to evening acoustic,"{""artist"": ""Fabri Fibra"", ""intent"": ""AddToPlaylist"", ""playlist"": ""evening acoustic""}"
I want another track added to the Korean OSTs playlist.,"{""intent"": ""AddToPlaylist"", ""music_item"": ""track"", ""playlist"": ""Korean OSTs""}"
search for Pat and Margaret,"{""intent"": ""SearchCreativeWork"", ""object_name"": ""Pat and Margaret""}"
find War & Peace Vol. 1,"{""intent"": ""SearchCreativeWork"", ""object_name"": ""War & Peace Vol. 1""}"
rate this book 0 out of 6,"{""best_rating"": ""6"", ""intent"": ""RateBook"", ""object_select"": ""this"", ""object_type"": ""book"", ""rating_value"": ""0""}"
I rate The Variation of Animals and Plants under Domestication a value of 0,"{""intent"": ""RateBook"", ""object_name"": ""The Variation of Animals and Plants under Domestication"", ""rating_value"": ""0""}"
Rate the current textbook with 2 points out of 6.,"{""best_rating"": ""6"", ""intent"": ""RateBook"", ""object_select"": ""current"", ""object_type"": ""textbook"", ""rating_unit"": ""points"", ""rating_value"": ""2""}"
Add Andreas Johnson to my Rock Save The Queen playlist,"{""artist"": ""Andreas Johnson"", ""intent"": ""AddToPlaylist"", ""playlist"": ""Rock Save The Queen"", ""playlist_owner"": ""my""}"
I would rate this current essay a 0,"{""intent"": ""RateBook"", ""object_select"": ""current"", ""object_type"": ""essay"", ""rating_value"": ""0""}"
Add Atticus Ross to the electrosafari playlist,"{""artist"": ""Atticus Ross"", ""intent"": ""AddToPlaylist"", ""playlist"": ""electrosafari""}"
find the photograph Canaich,"{""intent"": ""SearchCreativeWork"", ""object_name"": ""Canaich"", ""object_type"": ""photograph""}"
rate the current essay a one,"{""intent"": ""RateBook"", ""object_select"": ""current"", ""object_type"": ""essay"", ""rating_value"": ""one""}"
find the show CarniK Con,"{""intent"": ""SearchCreativeWork"", ""object_name"": ""CarniK Con"", ""object_type"": ""show""}"
add The Little House We Built onto mucho rap,"{""entity_name"": ""The Little House We Built"", ""intent"": ""AddToPlaylist"", ""playlist"": ""mucho rap""}"
add la voce to my Dubstep Dangles Dirty playlist,"{""entity_name"": ""la voce"", ""intent"": ""AddToPlaylist"", ""playlist"": ""Dubstep Dangles Dirty"", ""playlist_owner"": ""my""}"
rate the book The Devil in Velvet 4 out of 6 points,"{""best_rating"": ""6"", ""intent"": ""RateBook"", ""object_name"": ""The Devil in Velvet"", ""object_type"": ""book"", ""rating_unit"": ""points"", ""rating_value"": ""4""}"
Give The American Scene 2 of 6 stars,"{""best_rating"": ""6"", ""intent"": ""RateBook"", ""object_name"": ""The American Scene"", ""rating_unit"": ""stars"", ""rating_value"": ""2""}"
Rate the text book New Finnish Grammar a four out of 6,"{""best_rating"": ""6"", ""intent"": ""RateBook"", ""object_name"": ""New Finnish Grammar"", ""object_type"": ""book"", ""rating_value"": ""four""}"
Where to buy Unarchigal,"{""intent"": ""SearchCreativeWork"", ""object_name"": ""Unarchigal""}"
"find Face the Truth, a TV show","{""intent"": ""SearchCreativeWork"", ""object_name"": ""Face the Truth"", ""object_type"": ""TV show""}"
I'd like to play the album Beloved Rogues,"{""intent"": ""SearchCreativeWork"", ""object_name"": ""Beloved Rogues"", ""object_type"": ""album""}"
Looking for a novel called Death March,"{""intent"": ""SearchCreativeWork"", ""object_name"": ""Death March"", ""object_type"": ""novel""}"
Rate The War of the Roses 2 out of 6,"{""best_rating"": ""6"", ""intent"": ""RateBook"", ""object_name"": ""The War of the Roses"", ""rating_value"": ""2""}"
Add track to Hit Remix,"{""intent"": ""AddToPlaylist"", ""music_item"": ""track"", ""playlist"": ""Hit Remix""}"
find a photograph called Accion Newspaper,"{""intent"": ""SearchCreativeWork"", ""object_name"": ""Accion Newspaper"", ""object_type"": ""photograph""}"
add this teddy charles album to this is pavarotti my playlist,"{""artist"": ""teddy charles"", ""intent"": ""AddToPlaylist"", ""music_item"": ""album"", ""playlist"": ""this is pavarotti"", ""playlist_owner"": ""my""}"
I want to give this book a rating of 2 points out of 6.,"{""best_rating"": ""6"", ""intent"": ""RateBook"", ""object_select"": ""this"", ""object_type"": ""book"", ""rating_unit"": ""points"", ""rating_value"": ""2""}"
Show Transformers: The Game,"{""intent"": ""SearchCreativeWork"", ""object_name"": ""Transformers: The Game""}"
Add Don and Sherri to the electrosafari playlist.,"{""entity_name"": ""Don and Sherri"", ""intent"": ""AddToPlaylist"", ""playlist"": ""electrosafari""}"
Look for Summer with Monika,"{""intent"": ""SearchCreativeWork"", ""object_name"": ""Summer with Monika""}"
Look for the Chu Chu and the Philly Flash picture,"{""intent"": ""SearchCreativeWork"", ""object_name"": ""Chu Chu and the Philly Flash"", ""object_type"": ""picture""}"
put a rating of 0 out of 6 to this chronicle,"{""best_rating"": ""6"", ""intent"": ""RateBook"", ""object_part_of_series_type"": ""chronicle"", ""object_select"": ""this"", ""rating_value"": ""0""}"
add Contact to my nu metal playlist,"{""entity_name"": ""Contact"", ""intent"": ""AddToPlaylist"", ""playlist"": ""nu metal"", ""playlist_owner"": ""my""}"
Please add a track to my playlist called this is Coti,"{""intent"": ""AddToPlaylist"", ""music_item"": ""track"", ""playlist"": ""this is Coti"", ""playlist_owner"": ""my""}"
I want to give The Plague Lords of Ruel 0 stars,"{""intent"": ""RateBook"", ""object_name"": ""The Plague Lords of Ruel"", ""rating_unit"": ""stars"", ""rating_value"": ""0""}"
I give a rating of four to this textbook.,"{""intent"": ""RateBook"", ""object_select"": ""this"", ""object_type"": ""textbook"", ""rating_value"": ""four""}"
add this Jane Olivor track to my The Sleep Machine Waterscapes,"{""artist"": ""Jane Olivor"", ""intent"": ""AddToPlaylist"", ""music_item"": ""track"", ""playlist"": ""The Sleep Machine Waterscapes"", ""playlist_owner"": ""my""}"
Give the current essay five points.,"{""intent"": ""RateBook"", ""object_select"": ""current"", ""object_type"": ""essay"", ""rating_unit"": ""points"", ""rating_value"": ""five""}"
rate The Lost Hero chronicle four out of 6,"{""best_rating"": ""6"", ""intent"": ""RateBook"", ""object_name"": ""The Lost Hero"", ""object_part_of_series_type"": ""chronicle"", ""rating_value"": ""four""}"
give 0 rating to She and Allan book,"{""intent"": ""RateBook"", ""object_name"": ""She and Allan"", ""object_type"": ""book"", ""rating_value"": ""0""}"
add Caleigh Peters to my women of country list,"{""artist"": ""Caleigh Peters"", ""intent"": ""AddToPlaylist"", ""playlist"": ""women of country"", ""playlist_owner"": ""my""}"
Can you find me the Blue Spring trailer?,"{""intent"": ""SearchCreativeWork"", ""object_name"": ""Blue Spring"", ""object_type"": ""trailer""}"
find me a game called Thesis Eleven,"{""intent"": ""SearchCreativeWork"", ""object_name"": ""Thesis Eleven"", ""object_type"": ""game""}"
show creativity of photograph of My Wonderful Day,"{""intent"": ""SearchCreativeWork"", ""object_name"": ""My Wonderful Day"", ""object_type"": ""photograph""}"
rate this essay four stars,"{""intent"": ""RateBook"", ""object_select"": ""this"", ""object_type"": ""essay"", ""rating_unit"": ""stars"", ""rating_value"": ""four""}"
Can you find the show The Dumping Ground Survival Files,"{""intent"": ""SearchCreativeWork"", ""object_name"": ""The Dumping Ground Survival Files"", ""object_type"": ""show""}"
I give this book a 3 out of 6 .,"{""best_rating"": ""6"", ""intent"": ""RateBook"", ""object_select"": ""this"", ""object_type"": ""book"", ""rating_value"": ""3""}"
Please find me the Projekt: The New Face of Goth.,"{""intent"": ""SearchCreativeWork"", ""object_name"": ""Projekt: The New Face of Goth""}"
Show the Immortal Grand Prix,"{""intent"": ""SearchCreativeWork"", ""object_name"": ""Immortal Grand Prix""}"
Look for All Broken Up and Dancing which is a video game,"{""intent"": ""SearchCreativeWork"", ""object_name"": ""All Broken Up and Dancing"", ""object_type"": ""video game""}"
I give The Screaming Staircase a five.,"{""intent"": ""RateBook"", ""object_name"": ""The Screaming Staircase"", ""rating_value"": ""five""}"
show Thousand Miles movie,"{""intent"": ""SearchCreativeWork"", ""object_name"": ""Thousand Miles"", ""object_type"": ""movie""}"
play Cry Baby Lane,"{""intent"": ""SearchCreativeWork"", ""object_name"": ""Cry Baby Lane""}"
Find a game called Dynamite Warrior.,"{""intent"": ""SearchCreativeWork"", ""object_name"": ""Dynamite Warrior"", ""object_type"": ""game""}"
Rate my current textbook four out of 6,"{""best_rating"": ""6"", ""intent"": ""RateBook"", ""object_select"": ""current"", ""object_type"": ""textbook"", ""rating_value"": ""four""}"
Add jenifer to Rock the 2000's,"{""artist"": ""jenifer"", ""intent"": ""AddToPlaylist"", ""playlist"": ""Rock the 2000's""}"
add this song to my this is kevin johansen,"{""intent"": ""AddToPlaylist"", ""music_item"": ""song"", ""playlist"": ""this is kevin johansen"", ""playlist_owner"": ""my""}"
add artist John William Boone to my life's short; play fast playlist,"{""artist"": ""John William Boone"", ""intent"": ""AddToPlaylist"", ""music_item"": ""artist"", ""playlist"": ""life's short; play fast"", ""playlist_owner"": ""my""}"
rate the current chronicle a zero,"{""intent"": ""RateBook"", ""object_part_of_series_type"": ""chronicle"", ""object_select"": ""current"", ""rating_value"": ""zero""}"
The book the Geoff Ryman bibliography should have a rating of three to 6 points.,"{""best_rating"": ""6"", ""intent"": ""RateBook"", ""object_name"": ""Geoff Ryman bibliography"", ""object_type"": ""book"", ""rating_unit"": ""points"", ""rating_value"": ""three""}"
Add this artist to Metal Party,"{""intent"": ""AddToPlaylist"", ""music_item"": ""artist"", ""playlist"": ""Metal Party""}"
Add arthur russell to my Women of Disco playlist.,"{""artist"": ""arthur russell"", ""intent"": ""AddToPlaylist"", ""playlist"": ""Women of Disco"", ""playlist_owner"": ""my""}"
I'd like to move the artist named Matt Walker to the playlist grandes unplugged,"{""artist"": ""Matt Walker"", ""intent"": ""AddToPlaylist"", ""music_item"": ""artist"", ""playlist"": ""grandes unplugged""}"
I give 3 of 6 stars for the current textbook,"{""best_rating"": ""6"", ""intent"": ""RateBook"", ""object_select"": ""current"", ""object_type"": ""textbook"", ""rating_unit"": ""stars"", ""rating_value"": ""3""}"
I think this textbook should have four stars and a best rating of 6,"{""best_rating"": ""6"", ""intent"": ""RateBook"", ""object_select"": ""this"", ""object_type"": ""textbook"", ""rating_unit"": ""stars"", ""rating_value"": ""four""}"
find a television show called Tiny Dancer,"{""intent"": ""SearchCreativeWork"", ""object_name"": ""Tiny Dancer"", ""object_type"": ""television show""}"
Search for Informix Wingz,"{""intent"": ""SearchCreativeWork"", ""object_name"": ""Informix Wingz""}"
rate the book Oath of Swords three for 6,"{""best_rating"": ""6"", ""intent"": ""RateBook"", ""object_name"": ""Oath of Swords"", ""object_type"": ""book"", ""rating_value"": ""three""}"
What is the cheapest price I can pay for the DVD called The Darkest Cloud?,"{""intent"": ""SearchCreativeWork"", ""object_name"": ""The Darkest Cloud""}"
Give Monthly Index of Medical Specialities a two out of 6 rating.,"{""best_rating"": ""6"", ""intent"": ""RateBook"", ""object_name"": ""Monthly Index of Medical Specialities"", ""rating_value"": ""two""}"
Add karusellen to jazz brasileiro,"{""entity_name"": ""karusellen"", ""intent"": ""AddToPlaylist"", ""playlist"": ""jazz brasileiro""}"
help me find the work Graphics Animation System for Professionals,"{""intent"": ""SearchCreativeWork"", ""object_name"": ""Graphics Animation System for Professionals""}"
Where can I find the TV show A Step Away,"{""intent"": ""SearchCreativeWork"", ""object_name"": ""A Step Away"", ""object_type"": ""TV show""}"
add steve winwood to my playlist old school metal,"{""artist"": ""steve winwood"", ""intent"": ""AddToPlaylist"", ""playlist"": ""old school metal"", ""playlist_owner"": ""my""}"
"add kenneth c ""jethro"" burns songs in my playlist soundscapes for gaming","{""artist"": ""kenneth c \""jethro\"" burns"", ""intent"": ""AddToPlaylist"", ""playlist"": ""soundscapes for gaming"", ""playlist_owner"": ""my""}"
Find The Case of the Frightened Lady.,"{""intent"": ""SearchCreativeWork"", ""object_name"": ""The Case of the Frightened Lady""}"
add come on a cone to Power Walk playlist,"{""entity_name"": ""come on a cone"", ""intent"": ""AddToPlaylist"", ""playlist"": ""Power Walk""}"
"For the textbook, out of 6 possible I give the following one a 3.","{""best_rating"": ""6"", ""intent"": ""RateBook"", ""object_select"": ""following"", ""object_type"": ""textbook"", ""rating_value"": ""3""}"
The book As Sure as the Dawn gets a two out of 6 rating,"{""best_rating"": ""6"", ""intent"": ""RateBook"", ""object_name"": ""As Sure as the Dawn"", ""object_type"": ""book"", ""rating_value"": ""two""}"
Add daniel zueras to lush vibes,"{""artist"": ""daniel zueras"", ""intent"": ""AddToPlaylist"", ""playlist"": ""lush vibes""}"
Give Hindu Temples: What Happened to Them a 5 out of 6 stars.,"{""best_rating"": ""6"", ""intent"": ""RateBook"", ""object_name"": ""Hindu Temples: What Happened to Them"", ""rating_unit"": ""stars"", ""rating_value"": ""5""}"
I want to add a song by w c clark to my nerding around playlist,"{""artist"": ""w c clark"", ""intent"": ""AddToPlaylist"", ""music_item"": ""song"", ""playlist"": ""nerding around"", ""playlist_owner"": ""my""}"
Rate the City of Lost Souls one of 6 points,"{""best_rating"": ""6"", ""intent"": ""RateBook"", ""object_name"": ""City of Lost Souls"", ""rating_unit"": ""points"", ""rating_value"": ""one""}"
show creative painting People & Love,"{""intent"": ""SearchCreativeWork"", ""object_name"": ""People & Love"", ""object_type"": ""painting""}"
Award a rating of 2 stars out of 6 to Confessions of an economic hit man,"{""best_rating"": ""6"", ""intent"": ""RateBook"", ""object_name"": ""Confessions of an economic hit man"", ""rating_unit"": ""stars"", ""rating_value"": ""2""}"
Add this track to my lo que suena new york playlist,"{""intent"": ""AddToPlaylist"", ""music_item"": ""track"", ""playlist"": ""lo que suena new york"", ""playlist_owner"": ""my""}"
Please get me the Dead Soul saga.,"{""intent"": ""SearchCreativeWork"", ""object_name"": ""Dead Soul"", ""object_type"": ""saga""}"
put Sonntagskind onto the playlist called soulful disco,"{""entity_name"": ""Sonntagskind"", ""intent"": ""AddToPlaylist"", ""playlist"": ""soulful disco""}"
add this tune to my fresh finds hiptronix playlist,"{""intent"": ""AddToPlaylist"", ""music_item"": ""tune"", ""playlist"": ""fresh finds hiptronix"", ""playlist_owner"": ""my""}"
add paulinho da viola to my Radio Rock song list,"{""artist"": ""paulinho da viola"", ""intent"": ""AddToPlaylist"", ""playlist"": ""Radio Rock"", ""playlist_owner"": ""my""}"
rate the last series one of 6 stars,"{""best_rating"": ""6"", ""intent"": ""RateBook"", ""object_part_of_series_type"": ""series"", ""object_select"": ""last"", ""rating_unit"": ""stars"", ""rating_value"": ""one""}"
Add porter wagoner to the The Sleep Machine Waterscapes playlist.,"{""artist"": ""porter wagoner"", ""intent"": ""AddToPlaylist"", ""playlist"": ""The Sleep Machine Waterscapes""}"
add Teddy Boy to my Irish Folk – Jigs & Reels playlist,"{""entity_name"": ""Teddy Boy"", ""intent"": ""AddToPlaylist"", ""playlist"": ""Irish Folk – Jigs & Reels"", ""playlist_owner"": ""my""}"
Can you find the song Bleach: Hell Chapter,"{""intent"": ""SearchCreativeWork"", ""object_name"": ""Bleach: Hell Chapter"", ""object_type"": ""song""}"
"find Drumline: A New Beat, a picture","{""intent"": ""SearchCreativeWork"", ""object_name"": ""Drumline: A New Beat"", ""object_type"": ""picture""}"
add the song to my the funny thing about football is playlist,"{""intent"": ""AddToPlaylist"", ""music_item"": ""song"", ""playlist"": ""the funny thing about football is"", ""playlist_owner"": ""my""}"
Put some Stu Phillips in the women of acoustic playlist.,"{""artist"": ""Stu Phillips"", ""intent"": ""AddToPlaylist"", ""playlist"": ""women of acoustic""}"
add this artist to Spain Top 50,"{""intent"": ""AddToPlaylist"", ""music_item"": ""artist"", ""playlist"": ""Spain Top 50""}"
Rate this album zero of 6 points,"{""best_rating"": ""6"", ""intent"": ""RateBook"", ""object_select"": ""this"", ""object_type"": ""album"", ""rating_unit"": ""points"", ""rating_value"": ""zero""}"
Add Ultimatum to my crash course playlist,"{""entity_name"": ""Ultimatum"", ""intent"": ""AddToPlaylist"", ""playlist"": ""crash course"", ""playlist_owner"": ""my""}"
Ad Amal Hijazi tune to my Pura Vida,"{""artist"": ""Amal Hijazi"", ""intent"": ""AddToPlaylist"", ""music_item"": ""tune"", ""playlist"": ""Pura Vida"", ""playlist_owner"": ""my""}"
Add Don and Sherri to my Meditate to Sounds of Nature playlist,"{""entity_name"": ""Don and Sherri"", ""intent"": ""AddToPlaylist"", ""playlist"": ""Meditate to Sounds of Nature"", ""playlist_owner"": ""my""}"
add lunacy to my chill out playlist,"{""entity_name"": ""lunacy"", ""intent"": ""AddToPlaylist"", ""playlist"": ""chill out"", ""playlist_owner"": ""my""}"
Add natasha to my All Things Post playlist,"{""entity_name"": ""natasha"", ""intent"": ""AddToPlaylist"", ""playlist"": ""All Things Post"", ""playlist_owner"": ""my""}"
Search for the television show called Educational Psychologist,"{""intent"": ""SearchCreativeWork"", ""object_name"": ""Educational Psychologist"", ""object_type"": ""television show""}"
I want this artist on the Cena Elegante playlist,"{""intent"": ""AddToPlaylist"", ""music_item"": ""artist"", ""playlist"": ""Cena Elegante""}"
Rate this series 0 of 6 stars,"{""best_rating"": ""6"", ""intent"": ""RateBook"", ""object_part_of_series_type"": ""series"", ""object_select"": ""this"", ""rating_unit"": ""stars"", ""rating_value"": ""0""}"
"add this song to my playlist named Britpop, etc","{""intent"": ""AddToPlaylist"", ""music_item"": ""song"", ""playlist"": ""Britpop, etc"", ""playlist_owner"": ""my""}"
Add Yuna Ito to the hot rods & horror shows playlist.,"{""artist"": ""Yuna Ito"", ""intent"": ""AddToPlaylist"", ""playlist"": ""hot rods & horror shows""}"
I want to put a copy of this tune into Skatepark Punks,"{""intent"": ""AddToPlaylist"", ""music_item"": ""tune"", ""playlist"": ""Skatepark Punks""}"
read the novel Friend: The Great Legacy,"{""intent"": ""SearchCreativeWork"", ""object_name"": ""Friend: The Great Legacy"", ""object_type"": ""novel""}"
this novel gets 1 star,"{""intent"": ""RateBook"", ""object_select"": ""this"", ""object_type"": ""novel"", ""rating_value"": ""1""}"
rate The Breaking Point a three,"{""intent"": ""RateBook"", ""object_name"": ""The Breaking Point"", ""rating_value"": ""three""}"
show TV show schedule Archive.is,"{""intent"": ""SearchCreativeWork"", ""object_name"": ""Archive.is"", ""object_type"": ""TV show""}"
give one rank to this album,"{""intent"": ""RateBook"", ""object_select"": ""this"", ""object_type"": ""album"", ""rating_value"": ""one""}"
Rate The Travels of Lao Can five out of 6,"{""best_rating"": ""6"", ""intent"": ""RateBook"", ""object_name"": ""The Travels of Lao Can"", ""rating_value"": ""five""}"
add to laundry playlist with this song,"{""intent"": ""AddToPlaylist"", ""music_item"": ""song"", ""playlist"": ""laundry""}"
Add tunnel rats to my Rhythm and Blues playlist,"{""entity_name"": ""tunnel rats"", ""intent"": ""AddToPlaylist"", ""playlist"": ""Rhythm and Blues"", ""playlist_owner"": ""my""}"
I want to play the video game International Pinguicula Study Group Newsletter,"{""intent"": ""SearchCreativeWork"", ""object_name"": ""International Pinguicula Study Group Newsletter"", ""object_type"": ""video game""}"
add the track by Paul Gray to my 2010s smash hits playlist,"{""artist"": ""Paul Gray"", ""intent"": ""AddToPlaylist"", ""music_item"": ""track"", ""playlist"": ""2010s smash hits"", ""playlist_owner"": ""my""}"
rate The Lives of John Lennon five points,"{""intent"": ""RateBook"", ""object_name"": ""The Lives of John Lennon"", ""rating_unit"": ""points"", ""rating_value"": ""five""}"
Give 3 / 6 stars to Doctor in the House,"{""best_rating"": ""6"", ""intent"": ""RateBook"", ""object_name"": ""Doctor in the House"", ""rating_unit"": ""stars"", ""rating_value"": ""3""}"
add global underground 006 sydney to my Best Metal of the New Millennium,"{""entity_name"": ""global underground 006 sydney"", ""intent"": ""AddToPlaylist"", ""playlist"": ""Best Metal of the New Millennium"", ""playlist_owner"": ""my""}"
Show me Happiness Was Free.,"{""intent"": ""SearchCreativeWork"", ""object_name"": ""Happiness Was Free""}"
Add died to the todo latino playlist,"{""entity_name"": ""died"", ""intent"": ""AddToPlaylist"", ""playlist"": ""todo latino""}"
Add Ihsahn to Hip Hop 2017 New School,"{""artist"": ""Ihsahn"", ""intent"": ""AddToPlaylist"", ""playlist"": ""Hip Hop 2017 New School""}"
Rate The Autobiography of Alice B. Toklas 1 out of 6 stars,"{""best_rating"": ""6"", ""intent"": ""RateBook"", ""object_name"": ""The Autobiography of Alice B. Toklas"", ""rating_unit"": ""stars"", ""rating_value"": ""1""}"
Where can I stream a television show called Safety EP?,"{""intent"": ""SearchCreativeWork"", ""object_name"": ""Safety EP"", ""object_type"": ""television show""}"
Add another tune to my Soft Rock playlist.,"{""intent"": ""AddToPlaylist"", ""music_item"": ""tune"", ""playlist"": ""Soft Rock"", ""playlist_owner"": ""my""}"
Rate The Taking series a zero out of 6,"{""best_rating"": ""6"", ""intent"": ""RateBook"", ""object_name"": ""The Taking"", ""object_part_of_series_type"": ""series"", ""rating_value"": ""zero""}"
find the video game Thale,"{""intent"": ""SearchCreativeWork"", ""object_name"": ""Thale"", ""object_type"": ""video game""}"
"Can you please find me, Journals?","{""intent"": ""SearchCreativeWork"", ""object_name"": ""Journals""}"
find the novel Meg and Seron,"{""intent"": ""SearchCreativeWork"", ""object_name"": ""Meg and Seron"", ""object_type"": ""novel""}"
put this track on Alok House Party playlist,"{""intent"": ""AddToPlaylist"", ""music_item"": ""track"", ""playlist"": ""Alok House Party""}"
Give the current book four stars,"{""intent"": ""RateBook"", ""object_select"": ""current"", ""object_type"": ""book"", ""rating_unit"": ""stars"", ""rating_value"": ""four""}"
look for the saga called Death in Paradise,"{""intent"": ""SearchCreativeWork"", ""object_name"": ""Death in Paradise"", ""object_type"": ""saga""}"
The current textbook gets a 2 rating.,"{""intent"": ""RateBook"", ""object_select"": ""current"", ""object_type"": ""textbook"", ""rating_value"": ""2""}"
Can you get me the Message from God saga?,"{""intent"": ""SearchCreativeWork"", ""object_name"": ""Message from God"", ""object_type"": ""saga""}"
Find the Blood Red Sandman,"{""intent"": ""SearchCreativeWork"", ""object_name"": ""Blood Red Sandman""}"
Please look up the Johnny English - La rinascita painting.,"{""intent"": ""SearchCreativeWork"", ""object_name"": ""Johnny English - La rinascita"", ""object_type"": ""painting""}"
I'd like for you to put this artist to my Evening Commute playlist.,"{""intent"": ""AddToPlaylist"", ""music_item"": ""artist"", ""playlist"": ""Evening Commute"", ""playlist_owner"": ""my""}"
"Give Small Screen, Big Picture a 0 out of 6 rating.","{""best_rating"": ""6"", ""intent"": ""RateBook"", ""object_name"": ""Small Screen, Big Picture"", ""rating_value"": ""0""}"
I'd like to rate this textbook 4 out of 6,"{""best_rating"": ""6"", ""intent"": ""RateBook"", ""object_select"": ""this"", ""object_type"": ""textbook"", ""rating_value"": ""4""}"
give two out of 6 points to current textbook,"{""best_rating"": ""6"", ""intent"": ""RateBook"", ""object_select"": ""current"", ""object_type"": ""textbook"", ""rating_unit"": ""points"", ""rating_value"": ""two""}"
I give this textbook a four,"{""intent"": ""RateBook"", ""object_select"": ""this"", ""object_type"": ""textbook"", ""rating_value"": ""four""}"
I rate Monster Mythology 3 points.,"{""intent"": ""RateBook"", ""object_name"": ""Monster Mythology"", ""rating_unit"": ""points"", ""rating_value"": ""3""}"
Rate the current book 1 of 6 points,"{""best_rating"": ""6"", ""intent"": ""RateBook"", ""object_select"": ""current"", ""object_type"": ""book"", ""rating_unit"": ""points"", ""rating_value"": ""1""}"
Rate this textbook a 5,"{""intent"": ""RateBook"", ""object_select"": ""this"", ""object_type"": ""textbook"", ""rating_value"": ""5""}"
Where can I find the show Game of Death II,"{""intent"": ""SearchCreativeWork"", ""object_name"": ""Game of Death II"", ""object_type"": ""show""}"
Add gene clark to diann's chill out list,"{""artist"": ""gene clark"", ""intent"": ""AddToPlaylist"", ""playlist"": ""chill out"", ""playlist_owner"": ""diann's""}"
Look up The Adventure of the Blue Carbuncle,"{""intent"": ""SearchCreativeWork"", ""object_name"": ""The Adventure of the Blue Carbuncle""}"
I'd like to see The New Jackals,"{""intent"": ""SearchCreativeWork"", ""object_name"": ""The New Jackals""}"
add Inca Roads to my weekend,"{""entity_name"": ""Inca Roads"", ""intent"": ""AddToPlaylist"", ""playlist"": ""weekend"", ""playlist_owner"": ""my""}"
Need the saga called the Black Lamp,"{""intent"": ""SearchCreativeWork"", ""object_name"": ""Black Lamp"", ""object_type"": ""saga""}"
Add another album to my keep calm playlist.,"{""intent"": ""AddToPlaylist"", ""music_item"": ""album"", ""playlist"": ""keep calm"", ""playlist_owner"": ""my""}"
Look for the creative work called White Sugar,"{""intent"": ""SearchCreativeWork"", ""object_name"": ""White Sugar""}"
I'd like to listen to the song The Natural Farmer,"{""intent"": ""SearchCreativeWork"", ""object_name"": ""The Natural Farmer"", ""object_type"": ""song""}"
Add this track to downtempo beats,"{""intent"": ""AddToPlaylist"", ""music_item"": ""track"", ""playlist"": ""downtempo beats""}"
Find Show-Ya 20th Anniversary The Best.,"{""intent"": ""SearchCreativeWork"", ""object_name"": ""Show-Ya 20th Anniversary The Best""}"
I want to see the trailer for No One,"{""intent"": ""SearchCreativeWork"", ""object_name"": ""No One"", ""object_type"": ""trailer""}"
Can you put some monifah on my disco fever playlist,"{""artist"": ""monifah"", ""intent"": ""AddToPlaylist"", ""playlist"": ""disco fever"", ""playlist_owner"": ""my""}"
Show The Last Tightrope Dancer in Armenia television show,"{""intent"": ""SearchCreativeWork"", ""object_name"": ""The Last Tightrope Dancer in Armenia"", ""object_type"": ""television show""}"
play the Cabin Fever 2: Spring Fever saga,"{""intent"": ""SearchCreativeWork"", ""object_name"": ""Cabin Fever 2: Spring Fever"", ""object_type"": ""saga""}"
Add nina hagen to essential folk,"{""artist"": ""nina hagen"", ""intent"": ""AddToPlaylist"", ""playlist"": ""essential folk""}"
Where do I play the video game The Wild Geese?,"{""intent"": ""SearchCreativeWork"", ""object_name"": ""The Wild Geese"", ""object_type"": ""video game""}"
add peter banks to verano forever list,"{""artist"": ""peter banks"", ""intent"": ""AddToPlaylist"", ""playlist"": ""verano forever""}"
Give this novel 5 stars,"{""intent"": ""RateBook"", ""object_select"": ""this"", ""object_type"": ""novel"", ""rating_unit"": ""stars"", ""rating_value"": ""5""}"
Rate the chronicle Tarzan the Terrible a 4 out of 6,"{""best_rating"": ""6"", ""intent"": ""RateBook"", ""object_name"": ""Tarzan the Terrible"", ""object_part_of_series_type"": ""chronicle"", ""rating_value"": ""4""}"
Add tune to my Folk Music At The Gaslight Café,"{""intent"": ""AddToPlaylist"", ""music_item"": ""tune"", ""playlist"": ""Folk Music At The Gaslight Café"", ""playlist_owner"": ""my""}"
"Can you find me the game, Super Scription of Data?","{""intent"": ""SearchCreativeWork"", ""object_name"": ""Super Scription of Data"", ""object_type"": ""game""}"
I want to play the game Pesterminator: The Western Exterminator.,"{""intent"": ""SearchCreativeWork"", ""object_name"": ""Pesterminator: The Western Exterminator"", ""object_type"": ""game""}"
give 4 out of 6 stars to current chronicle,"{""best_rating"": ""6"", ""intent"": ""RateBook"", ""object_part_of_series_type"": ""chronicle"", ""object_select"": ""current"", ""rating_unit"": ""stars"", ""rating_value"": ""4""}"
Give The Whisperer a rating of 0.,"{""intent"": ""RateBook"", ""object_name"": ""The Whisperer"", ""rating_value"": ""0""}"
I want to give The Garin Death Ray series 1 stars,"{""intent"": ""RateBook"", ""object_name"": ""The Garin Death Ray"", ""object_part_of_series_type"": ""series"", ""rating_unit"": ""stars"", ""rating_value"": ""1""}"
give this book titled Othappu zero points,"{""intent"": ""RateBook"", ""object_name"": ""Othappu"", ""object_type"": ""book"", ""rating_unit"": ""points"", ""rating_value"": ""zero""}"
add this track to my Comedy New Releases,"{""intent"": ""AddToPlaylist"", ""music_item"": ""track"", ""playlist"": ""Comedy New Releases"", ""playlist_owner"": ""my""}"
Rate current book two points,"{""intent"": ""RateBook"", ""object_select"": ""current"", ""object_type"": ""book"", ""rating_unit"": ""points"", ""rating_value"": ""two""}"
give the current chronicle three points,"{""intent"": ""RateBook"", ""object_part_of_series_type"": ""chronicle"", ""object_select"": ""current"", ""rating_unit"": ""points"", ""rating_value"": ""three""}"
add the track by josh kear to myra's playlist with the name highway 61,"{""artist"": ""josh kear"", ""intent"": ""AddToPlaylist"", ""music_item"": ""track"", ""playlist"": ""highway 61"", ""playlist_owner"": ""myra's""}"
Can you search for Twilight Is Gone?,"{""intent"": ""SearchCreativeWork"", ""object_name"": ""Twilight Is Gone""}"
Rate Paradise News 2 out of 6,"{""best_rating"": ""6"", ""intent"": ""RateBook"", ""object_name"": ""Paradise News"", ""rating_value"": ""2""}"
rate this book 2 stars,"{""intent"": ""RateBook"", ""object_select"": ""this"", ""object_type"": ""book"", ""rating_unit"": ""stars"", ""rating_value"": ""2""}"
Please get me the Before Crisis: Final Fantasy VII television show.,"{""intent"": ""SearchCreativeWork"", ""object_name"": ""Before Crisis: Final Fantasy VII"", ""object_type"": ""television show""}"
rate the book Spells and Philtres five points,"{""intent"": ""RateBook"", ""object_name"": ""Spells and Philtres"", ""object_type"": ""book"", ""rating_unit"": ""points"", ""rating_value"": ""five""}"
"Please find the novel, Good Doctor","{""intent"": ""SearchCreativeWork"", ""object_name"": ""Good Doctor"", ""object_type"": ""novel""}"
Add the artist to the Latin Jazz playlist.,"{""intent"": ""AddToPlaylist"", ""music_item"": ""artist"", ""playlist"": ""Latin Jazz""}"
rate this current essay 4 out of 6 stars,"{""best_rating"": ""6"", ""intent"": ""RateBook"", ""object_select"": ""current"", ""object_type"": ""essay"", ""rating_unit"": ""stars"", ""rating_value"": ""4""}"
I would give The Minority Report a rating of 0 points,"{""intent"": ""RateBook"", ""object_name"": ""The Minority Report"", ""rating_unit"": ""points"", ""rating_value"": ""0""}"
Can you add something by Gregori Chad Petree to the playlist digster soul classics,"{""artist"": ""Gregori Chad Petree"", ""intent"": ""AddToPlaylist"", ""playlist"": ""digster soul classics""}"
Give 0 rating to In the Heart of the Country,"{""intent"": ""RateBook"", ""object_name"": ""In the Heart of the Country"", ""rating_value"": ""0""}"
I give the last textbook one out of 6 points.,"{""best_rating"": ""6"", ""intent"": ""RateBook"", ""object_select"": ""last"", ""object_type"": ""textbook"", ""rating_unit"": ""points"", ""rating_value"": ""one""}"
add vertexguy to Beach Vibes,"{""artist"": ""vertexguy"", ""intent"": ""AddToPlaylist"", ""playlist"": ""Beach Vibes""}"
The Evil Experiment gets zero out of 6 points,"{""best_rating"": ""6"", ""intent"": ""RateBook"", ""object_name"": ""The Evil Experiment"", ""rating_unit"": ""points"", ""rating_value"": ""zero""}"
I give The Caxtons chronicle 1 out of 6 stars.,"{""best_rating"": ""6"", ""intent"": ""RateBook"", ""object_name"": ""The Caxtons"", ""object_part_of_series_type"": ""chronicle"", ""rating_unit"": ""stars"", ""rating_value"": ""1""}"
rate this novel four points,"{""intent"": ""RateBook"", ""object_select"": ""this"", ""object_type"": ""novel"", ""rating_unit"": ""points"", ""rating_value"": ""four""}"
find the painting ICAC Investigators 2014,"{""intent"": ""SearchCreativeWork"", ""object_name"": ""ICAC Investigators 2014"", ""object_type"": ""painting""}"
Where can I download the game Miss Robin Hood,"{""intent"": ""SearchCreativeWork"", ""object_name"": ""Miss Robin Hood"", ""object_type"": ""game""}"
I gave Chart Throb 4 of 6 stars,"{""best_rating"": ""6"", ""intent"": ""RateBook"", ""object_name"": ""Chart Throb"", ""rating_unit"": ""stars"", ""rating_value"": ""4""}"
Add track to fresh finds,"{""intent"": ""AddToPlaylist"", ""music_item"": ""track"", ""playlist"": ""fresh finds""}"
I'd like to put duett onto my hot country playlist.,"{""entity_name"": ""duett"", ""intent"": ""AddToPlaylist"", ""playlist"": ""hot country"", ""playlist_owner"": ""my""}"
Add the album to the top 100 country tracks on spotify playlist.,"{""intent"": ""AddToPlaylist"", ""music_item"": ""album"", ""playlist"": ""top 100 country tracks on spotify""}"
Play me Memoirs of Modern Love: Curious Age,"{""intent"": ""SearchCreativeWork"", ""object_name"": ""Memoirs of Modern Love: Curious Age""}"
Looking for novel Build Engine,"{""intent"": ""SearchCreativeWork"", ""object_name"": ""Build Engine"", ""object_type"": ""novel""}"
Where can I watch the television show You Make Me Hate Music,"{""intent"": ""SearchCreativeWork"", ""object_name"": ""You Make Me Hate Music"", ""object_type"": ""television show""}"
Put Beside You in my spotify orchestra cello playlist.,"{""entity_name"": ""Beside You"", ""intent"": ""AddToPlaylist"", ""playlist"": ""spotify orchestra cello"", ""playlist_owner"": ""my""}"
find the photograph Move Any Mountain,"{""intent"": ""SearchCreativeWork"", ""object_name"": ""Move Any Mountain"", ""object_type"": ""photograph""}"
find Jono and Ben,"{""intent"": ""SearchCreativeWork"", ""object_name"": ""Jono and Ben""}"
Add the artist to the political punks playlist.,"{""intent"": ""AddToPlaylist"", ""music_item"": ""artist"", ""playlist"": ""political punks""}"
Add a gackt camui track to the White Noise playlist.,"{""artist"": ""gackt camui"", ""intent"": ""AddToPlaylist"", ""music_item"": ""track"", ""playlist"": ""White Noise""}"
Add this artist to my Post-grunge playlist,"{""intent"": ""AddToPlaylist"", ""music_item"": ""artist"", ""playlist"": ""Post-grunge"", ""playlist_owner"": ""my""}"
matt monro newest album add to my chill out music,"{""artist"": ""matt monro"", ""intent"": ""AddToPlaylist"", ""music_item"": ""album"", ""playlist"": ""chill out music"", ""playlist_owner"": ""my""}"
Rate In Enemy Hands five stars out of 6,"{""best_rating"": ""6"", ""intent"": ""RateBook"", ""object_name"": ""In Enemy Hands"", ""rating_unit"": ""stars"", ""rating_value"": ""five""}"
Add this tune to The Refugee Playlist,"{""intent"": ""AddToPlaylist"", ""music_item"": ""tune"", ""playlist"": ""The Refugee Playlist""}"
rate The Gift: Imagination and the Erotic Life of Property five stars,"{""intent"": ""RateBook"", ""object_name"": ""The Gift: Imagination and the Erotic Life of Property"", ""rating_unit"": ""stars"", ""rating_value"": ""five""}"
Find a movie called Living in America.,"{""intent"": ""SearchCreativeWork"", ""object_name"": ""Living in America"", ""object_type"": ""movie""}"
Give the Hover Car Racer chronicle two of 6 stars,"{""best_rating"": ""6"", ""intent"": ""RateBook"", ""object_name"": ""Hover Car Racer"", ""object_part_of_series_type"": ""chronicle"", ""rating_unit"": ""stars"", ""rating_value"": ""two""}"
Give Physics of the Impossible four points.,"{""intent"": ""RateBook"", ""object_name"": ""Physics of the Impossible"", ""rating_unit"": ""points"", ""rating_value"": ""four""}"
When Religion Becomes Evil is only worth 1 stars,"{""intent"": ""RateBook"", ""object_name"": ""When Religion Becomes Evil"", ""rating_unit"": ""stars"", ""rating_value"": ""1""}"
Add the tune to my Women of Latin Music playlist.,"{""intent"": ""AddToPlaylist"", ""music_item"": ""tune"", ""playlist"": ""Women of Latin Music"", ""playlist_owner"": ""my""}"
rate the series The Quantity Theory of Insanity 1,"{""intent"": ""RateBook"", ""object_name"": ""The Quantity Theory of Insanity"", ""object_part_of_series_type"": ""series"", ""rating_value"": ""1""}"
I need another artist in the New Indie Mix playlist.,"{""intent"": ""AddToPlaylist"", ""music_item"": ""artist"", ""playlist"": ""New Indie Mix""}"
In my playlist Rock Gaming add Mariem Hassan con Leyoad,"{""entity_name"": ""Mariem Hassan con Leyoad"", ""intent"": ""AddToPlaylist"", ""playlist"": ""Rock Gaming"", ""playlist_owner"": ""my""}"
I'd like to find the book called The Years,"{""intent"": ""SearchCreativeWork"", ""object_name"": ""The Years"", ""object_type"": ""book""}"
add Curse song to my playlist Guest List Engadget,"{""artist"": ""Curse"", ""intent"": ""AddToPlaylist"", ""music_item"": ""song"", ""playlist"": ""Guest List Engadget"", ""playlist_owner"": ""my""}"
rate This Is How You Die chronicle a one,"{""intent"": ""RateBook"", ""object_name"": ""This Is How You Die"", ""object_part_of_series_type"": ""chronicle"", ""rating_value"": ""one""}"
Rate my current essay a 2,"{""intent"": ""RateBook"", ""object_select"": ""current"", ""object_type"": ""essay"", ""rating_value"": ""2""}"
Rate this album a one.,"{""intent"": ""RateBook"", ""object_select"": ""this"", ""object_type"": ""album"", ""rating_value"": ""one""}"
add nico to my rock to work,"{""artist"": ""nico"", ""intent"": ""AddToPlaylist"", ""playlist"": ""rock to work"", ""playlist_owner"": ""my""}"
Find a book called The CIA World Factbook.,"{""intent"": ""SearchCreativeWork"", ""object_name"": ""The CIA World Factbook"", ""object_type"": ""book""}"
Add vikku vinayakram to my This Is Nicky Jam,"{""artist"": ""vikku vinayakram"", ""intent"": ""AddToPlaylist"", ""playlist"": ""This Is Nicky Jam"", ""playlist_owner"": ""my""}"
rate the current essay zero out of 6 stars,"{""best_rating"": ""6"", ""intent"": ""RateBook"", ""object_select"": ""current"", ""object_type"": ""essay"", ""rating_unit"": ""stars"", ""rating_value"": ""zero""}"
Add give us rest to my 70s Smash Hits playlist.,"{""entity_name"": ""give us rest"", ""intent"": ""AddToPlaylist"", ""playlist"": ""70s Smash Hits"", ""playlist_owner"": ""my""}"
Give Conan the Buccaneer 5 of 6 points,"{""best_rating"": ""6"", ""intent"": ""RateBook"", ""object_name"": ""Conan the Buccaneer"", ""rating_unit"": ""points"", ""rating_value"": ""5""}"
rate this novel 2 out of 6 points,"{""best_rating"": ""6"", ""intent"": ""RateBook"", ""object_select"": ""this"", ""object_type"": ""novel"", ""rating_unit"": ""points"", ""rating_value"": ""2""}"
Give three points out of 6 to One Hundred Poems of Tukaram,"{""best_rating"": ""6"", ""intent"": ""RateBook"", ""object_name"": ""One Hundred Poems of Tukaram"", ""rating_unit"": ""points"", ""rating_value"": ""three""}"
Add artist hex hector to my old school death metal playlist,"{""artist"": ""hex hector"", ""intent"": ""AddToPlaylist"", ""music_item"": ""artist"", ""playlist"": ""old school death metal"", ""playlist_owner"": ""my""}"
Include Hermann Baumann in my Texas Red Dirt list,"{""artist"": ""Hermann Baumann"", ""intent"": ""AddToPlaylist"", ""playlist"": ""Texas Red Dirt"", ""playlist_owner"": ""my""}"
Rate this album a one,"{""intent"": ""RateBook"", ""object_select"": ""this"", ""object_type"": ""album"", ""rating_value"": ""one""}"
"find Touch of Eva, a TV show I want to see","{""intent"": ""SearchCreativeWork"", ""object_name"": ""Touch of Eva"", ""object_type"": ""TV show""}"
rate this book 4 out of 6,"{""best_rating"": ""6"", ""intent"": ""RateBook"", ""object_select"": ""this"", ""object_type"": ""book"", ""rating_value"": ""4""}"
Put Jazzy B on Lazy Chill Afternoon playlist,"{""artist"": ""Jazzy B"", ""intent"": ""AddToPlaylist"", ""playlist"": ""Lazy Chill Afternoon""}"
"Please find me the work, Serious Awesomeness!.","{""intent"": ""SearchCreativeWork"", ""object_name"": ""Serious Awesomeness""}"
Where can I get Intel Array Building Blocks,"{""intent"": ""SearchCreativeWork"", ""object_name"": ""Intel Array Building Blocks""}"
Find The Crucible of Man: Something Wicked Part 2.,"{""intent"": ""SearchCreativeWork"", ""object_name"": ""The Crucible of Man: Something Wicked Part 2""}"
Give the current novel 3 stars.,"{""intent"": ""RateBook"", ""object_select"": ""current"", ""object_type"": ""novel"", ""rating_unit"": ""stars"", ""rating_value"": ""3""}"
give 0 out of 6 points to current book,"{""best_rating"": ""6"", ""intent"": ""RateBook"", ""object_select"": ""current"", ""object_type"": ""book"", ""rating_unit"": ""points"", ""rating_value"": ""0""}"
Search for The World Is a Game,"{""intent"": ""SearchCreativeWork"", ""object_name"": ""The World Is a Game""}"
Give this current textbook zero out of 6 points.,"{""best_rating"": ""6"", ""intent"": ""RateBook"", ""object_select"": ""current"", ""object_type"": ""textbook"", ""rating_unit"": ""points"", ""rating_value"": ""zero""}"
Search for Teenage Mutant Hero Turtles: Fall of the Foot Clan photograph,"{""intent"": ""SearchCreativeWork"", ""object_name"": ""Teenage Mutant Hero Turtles: Fall of the Foot Clan"", ""object_type"": ""photograph""}"
I give this current textbook a rating value of 1 and a best rating of 6,"{""best_rating"": ""6"", ""intent"": ""RateBook"", ""object_select"": ""current"", ""object_type"": ""textbook"", ""rating_value"": ""1""}"
fimd Glory,"{""intent"": ""SearchCreativeWork"", ""object_name"": ""Glory""}"
I want to rate Pontypool Changes Everything a zero out of 6 points,"{""best_rating"": ""6"", ""intent"": ""RateBook"", ""object_name"": ""Pontypool Changes Everything"", ""rating_unit"": ""points"", ""rating_value"": ""zero""}"
Find a video game called The Mysterious Castle in the Carpathians.,"{""intent"": ""SearchCreativeWork"", ""object_name"": ""The Mysterious Castle in the Carpathians"", ""object_type"": ""video game""}"
Rate the previous album 0 points out of 6,"{""best_rating"": ""6"", ""intent"": ""RateBook"", ""object_select"": ""previous"", ""object_type"": ""album"", ""rating_unit"": ""points"", ""rating_value"": ""0""}"
Look up the show Cissy Houston,"{""intent"": ""SearchCreativeWork"", ""object_name"": ""Cissy Houston"", ""object_type"": ""show""}"
Give Beauty Is in the Street three out of 6 stars,"{""best_rating"": ""6"", ""intent"": ""RateBook"", ""object_name"": ""Beauty Is in the Street"", ""rating_unit"": ""stars"", ""rating_value"": ""three""}"
Can you help me find the We No Who U R game?,"{""intent"": ""SearchCreativeWork"", ""object_name"": ""We No Who U R"", ""object_type"": ""game""}"
show creativity of The Album saga,"{""intent"": ""SearchCreativeWork"", ""object_name"": ""The Album"", ""object_type"": ""saga""}"
Add emilie autumn to my Nação Reggae playlist.,"{""artist"": ""emilie autumn"", ""intent"": ""AddToPlaylist"", ""playlist"": ""Nação Reggae"", ""playlist_owner"": ""my""}"
I want to give the current textbook 2 out of 6,"{""best_rating"": ""6"", ""intent"": ""RateBook"", ""object_select"": ""current"", ""object_type"": ""textbook"", ""rating_value"": ""2""}"
"find The Ultimate Gift, a television show","{""intent"": ""SearchCreativeWork"", ""object_name"": ""The Ultimate Gift"", ""object_type"": ""television show""}"
ADD Me Kommeni Tin Anasa to my propuesta alternativa playlist,"{""entity_name"": ""Me Kommeni Tin Anasa"", ""intent"": ""AddToPlaylist"", ""playlist"": ""propuesta alternativa"", ""playlist_owner"": ""my""}"
Give one of 6 points to Who Will Cry When You Die,"{""best_rating"": ""6"", ""intent"": ""RateBook"", ""object_name"": ""Who Will Cry When You Die"", ""rating_unit"": ""points"", ""rating_value"": ""one""}"
I want to add No Mystery to alejandra's Acoustic Love playlist,"{""entity_name"": ""No Mystery"", ""intent"": ""AddToPlaylist"", ""playlist"": ""Acoustic Love"", ""playlist_owner"": ""alejandra's""}"
"I want to see the book, The Mailroom: Hollywood History from the Bottom Up","{""intent"": ""SearchCreativeWork"", ""object_name"": ""The Mailroom: Hollywood History from the Bottom Up"", ""object_type"": ""book""}"
I give Life During Wartime a one out of 6.,"{""best_rating"": ""6"", ""intent"": ""RateBook"", ""object_name"": ""Life During Wartime"", ""rating_value"": ""one""}"
"find Wild Solutions, a saga","{""intent"": ""SearchCreativeWork"", ""object_name"": ""Wild Solutions"", ""object_type"": ""saga""}"
Rate A Pelican at Blandings a 2,"{""intent"": ""RateBook"", ""object_name"": ""A Pelican at Blandings"", ""rating_value"": ""2""}"
show Investigating Sex album,"{""intent"": ""SearchCreativeWork"", ""object_name"": ""Investigating Sex"", ""object_type"": ""album""}"
put this tune onto my party through the decades playlist,"{""intent"": ""AddToPlaylist"", ""music_item"": ""tune"", ""playlist"": ""party through the decades"", ""playlist_owner"": ""my""}"
show Crafty Hands saga,"{""intent"": ""SearchCreativeWork"", ""object_name"": ""Crafty Hands"", ""object_type"": ""saga""}"
add the track by apostolos nikolaidis to the This Is Luis Fonsi playlist,"{""artist"": ""apostolos nikolaidis"", ""intent"": ""AddToPlaylist"", ""music_item"": ""track"", ""playlist"": ""This Is Luis Fonsi""}"
Rate The Mystery of the Tolling Bell series 4 stars.,"{""intent"": ""RateBook"", ""object_name"": ""The Mystery of the Tolling Bell"", ""object_part_of_series_type"": ""series"", ""rating_unit"": ""stars"", ""rating_value"": ""4""}"
Play the song Aura II: The Sacred Rings,"{""intent"": ""SearchCreativeWork"", ""object_name"": ""Aura II: The Sacred Rings"", ""object_type"": ""song""}"
Can you find me the Dicey Business TV series?,"{""intent"": ""SearchCreativeWork"", ""object_name"": ""Dicey Business"", ""object_type"": ""TV series""}"
I would give this current book a rating a five and a best rating of 6,"{""best_rating"": ""6"", ""intent"": ""RateBook"", ""object_select"": ""current"", ""object_type"": ""book"", ""rating_value"": ""five""}"
Find me Recorder and Randsell,"{""intent"": ""SearchCreativeWork"", ""object_name"": ""Recorder and Randsell""}"
Add this track to my Dance Workout playlist,"{""intent"": ""AddToPlaylist"", ""music_item"": ""track"", ""playlist"": ""Dance Workout"", ""playlist_owner"": ""my""}"
the stars total 6 but Journey Under the Midnight Sun gets a four,"{""best_rating"": ""6"", ""intent"": ""RateBook"", ""object_name"": ""Journey Under the Midnight Sun"", ""rating_unit"": ""stars"", ""rating_value"": ""four""}"
Can you put this tune onto erin's house afterwork playlist?,"{""intent"": ""AddToPlaylist"", ""music_item"": ""tune"", ""playlist"": ""house afterwork"", ""playlist_owner"": ""erin's""}"
Find Dyskografia Nick Cave and the Bad Seeds.,"{""intent"": ""SearchCreativeWork"", ""object_name"": ""Dyskografia Nick Cave and the Bad Seeds""}"
find the So This Is Goodbye saga,"{""intent"": ""SearchCreativeWork"", ""object_name"": ""So This Is Goodbye"", ""object_type"": ""saga""}"
find a soundtrack for Meditations,"{""intent"": ""SearchCreativeWork"", ""object_name"": ""Meditations"", ""object_type"": ""soundtrack""}"
Show Saison 5 de Game of Thrones,"{""intent"": ""SearchCreativeWork"", ""object_name"": ""Saison 5 de Game of Thrones""}"
find Starcross,"{""intent"": ""SearchCreativeWork"", ""object_name"": ""Starcross""}"
the following essay is a two,"{""intent"": ""RateBook"", ""object_select"": ""following"", ""object_type"": ""essay"", ""rating_value"": ""two""}"
Find a show called Time Is Just the Same.,"{""intent"": ""SearchCreativeWork"", ""object_name"": ""Time Is Just the Same"", ""object_type"": ""show""}"
give 5 star to the book The Knight of Newts,"{""intent"": ""RateBook"", ""object_name"": ""The Knight of Newts"", ""object_type"": ""book"", ""rating_value"": ""5""}"
Please locate Sad Love Story novel for me.,"{""intent"": ""SearchCreativeWork"", ""object_name"": ""Sad Love Story"", ""object_type"": ""novel""}"
What is A Romance of the Halifax Disaster,"{""intent"": ""SearchCreativeWork"", ""object_name"": ""A Romance of the Halifax Disaster""}"
I want to add Sin rencor to my playlist entitled te quiero,"{""entity_name"": ""Sin rencor"", ""intent"": ""AddToPlaylist"", ""playlist"": ""te quiero"", ""playlist_owner"": ""my""}"
put Michael Cretu onto my Beach Vibes playlist,"{""artist"": ""Michael Cretu"", ""intent"": ""AddToPlaylist"", ""playlist"": ""Beach Vibes"", ""playlist_owner"": ""my""}"
show creativity in All Nudity Shall Be Punished,"{""intent"": ""SearchCreativeWork"", ""object_name"": ""All Nudity Shall Be Punished""}"
Get me the Elvis’ Christmas Album TV show.,"{""intent"": ""SearchCreativeWork"", ""object_name"": ""Elvis’ Christmas Album"", ""object_type"": ""TV show""}"
find The World Is a Game,"{""intent"": ""SearchCreativeWork"", ""object_name"": ""The World Is a Game""}"
Look for the TV series Jersey Boys,"{""intent"": ""SearchCreativeWork"", ""object_name"": ""Jersey Boys"", ""object_type"": ""TV series""}"
find Carry me in your dreams,"{""intent"": ""SearchCreativeWork"", ""object_name"": ""Carry me in your dreams""}"
Play me the show Cheaper By the Dozen 2,"{""intent"": ""SearchCreativeWork"", ""object_name"": ""Cheaper By the Dozen 2"", ""object_type"": ""show""}"
Add this album to my hot house playlist,"{""intent"": ""AddToPlaylist"", ""music_item"": ""album"", ""playlist"": ""hot house"", ""playlist_owner"": ""my""}"
Add a norma jean tune to the Soul Revived playlist.,"{""artist"": ""norma jean"", ""intent"": ""AddToPlaylist"", ""music_item"": ""tune"", ""playlist"": ""Soul Revived""}"
The Complex: How the Military Invades Our Everyday Lives has a best rating of 6 stars but I will give it zero,"{""best_rating"": ""6"", ""intent"": ""RateBook"", ""object_name"": ""The Complex: How the Military Invades Our Everyday Lives"", ""rating_unit"": ""stars"", ""rating_value"": ""zero""}"
Put an album by Mohammad Reza Shadjarian in my Chillin' on a Dirt Road playlist.,"{""artist"": ""Mohammad Reza Shadjarian"", ""intent"": ""AddToPlaylist"", ""music_item"": ""album"", ""playlist"": ""Chillin' on a Dirt Road"", ""playlist_owner"": ""my""}"
Add nyoil to my this is prince playlist,"{""artist"": ""nyoil"", ""intent"": ""AddToPlaylist"", ""playlist"": ""this is prince"", ""playlist_owner"": ""my""}"
show creativity in Cross Currents,"{""intent"": ""SearchCreativeWork"", ""object_name"": ""Cross Currents""}"
For the book The Conduct of Major Maxim I give a five of 6 rating,"{""best_rating"": ""6"", ""intent"": ""RateBook"", ""object_name"": ""The Conduct of Major Maxim"", ""object_type"": ""book"", ""rating_value"": ""five""}"
give one points to current book,"{""intent"": ""RateBook"", ""object_select"": ""current"", ""object_type"": ""book"", ""rating_unit"": ""points"", ""rating_value"": ""one""}"
Add a jacob miller album to my Hardcore Punk playlist.,"{""artist"": ""jacob miller"", ""intent"": ""AddToPlaylist"", ""music_item"": ""album"", ""playlist"": ""Hardcore Punk"", ""playlist_owner"": ""my""}"
Add this ruth crawford seeger song to my playlist called The Soundtrack 007,"{""artist"": ""ruth crawford seeger"", ""intent"": ""AddToPlaylist"", ""music_item"": ""song"", ""playlist"": ""The Soundtrack 007"", ""playlist_owner"": ""my""}"
I want to watch the movie Maxime,"{""intent"": ""SearchCreativeWork"", ""object_name"": ""Maxime"", ""object_type"": ""movie""}"
Find me the Show Girl soundtrack,"{""intent"": ""SearchCreativeWork"", ""object_name"": ""Show Girl"", ""object_type"": ""soundtrack""}"
I would give this current novel two points or a rating of 6,"{""best_rating"": ""6"", ""intent"": ""RateBook"", ""object_select"": ""current"", ""object_type"": ""novel"", ""rating_unit"": ""points"", ""rating_value"": ""two""}"
Give Bruce Lee: The Man Only I Knew 5 points.,"{""intent"": ""RateBook"", ""object_name"": ""Bruce Lee: The Man Only I Knew"", ""rating_unit"": ""points"", ""rating_value"": ""5""}"
add this tune to Escapada,"{""intent"": ""AddToPlaylist"", ""music_item"": ""tune"", ""playlist"": ""Escapada""}"
Add Recalled to Life to This Is Alejandro Fernández,"{""entity_name"": ""Recalled to Life"", ""intent"": ""AddToPlaylist"", ""playlist"": ""This Is Alejandro Fernández""}"
Add an album to the Días de Frío playlist.,"{""intent"": ""AddToPlaylist"", ""music_item"": ""album"", ""playlist"": ""Días de Frío""}"
give zero points to High Profile,"{""intent"": ""RateBook"", ""object_name"": ""High Profile"", ""rating_unit"": ""points"", ""rating_value"": ""zero""}"
Give this novel two points,"{""intent"": ""RateBook"", ""object_select"": ""this"", ""object_type"": ""novel"", ""rating_unit"": ""points"", ""rating_value"": ""two""}"
I give Hadon of Ancient Opar two out of 6 points,"{""best_rating"": ""6"", ""intent"": ""RateBook"", ""object_name"": ""Hadon of Ancient Opar"", ""rating_unit"": ""points"", ""rating_value"": ""two""}"
Where can I purchase the saga The Second Life of Samuel Tyne,"{""intent"": ""SearchCreativeWork"", ""object_name"": ""The Second Life of Samuel Tyne"", ""object_type"": ""saga""}"
I would give this current chronicle three points,"{""intent"": ""RateBook"", ""object_part_of_series_type"": ""chronicle"", ""object_select"": ""current"", ""rating_unit"": ""points"", ""rating_value"": ""three""}"
find the TV show Tribute to the Troops,"{""intent"": ""SearchCreativeWork"", ""object_name"": ""Tribute to the Troops"", ""object_type"": ""TV show""}"
add track by Monster Bobby to peace playlist,"{""artist"": ""Monster Bobby"", ""intent"": ""AddToPlaylist"", ""music_item"": ""track"", ""playlist"": ""peace""}"
Where to buy Education for Chemical Engineers,"{""intent"": ""SearchCreativeWork"", ""object_name"": ""Education for Chemical Engineers""}"
Put this tune on dancePOP,"{""intent"": ""AddToPlaylist"", ""music_item"": ""tune"", ""playlist"": ""dancePOP""}"
I want to find The Adventures of Lomax.,"{""intent"": ""SearchCreativeWork"", ""object_name"": ""The Adventures of Lomax""}"
"find Wish You Were Here, a movie","{""intent"": ""SearchCreativeWork"", ""object_name"": ""Wish You Were Here"", ""object_type"": ""movie""}"
is there a Chinese Wikipedia,"{""intent"": ""SearchCreativeWork"", ""object_name"": ""Chinese Wikipedia""}"
Show the Bean and the Boys painting,"{""intent"": ""SearchCreativeWork"", ""object_name"": ""Bean and the Boys"", ""object_type"": ""painting""}"
I would give Basic Battle Skills a rating of four,"{""intent"": ""RateBook"", ""object_name"": ""Basic Battle Skills"", ""rating_value"": ""four""}"
I would give Bones of the Earth 2 points,"{""intent"": ""RateBook"", ""object_name"": ""Bones of the Earth"", ""rating_unit"": ""points"", ""rating_value"": ""2""}"
Show me the soundtrack The Phoenix,"{""intent"": ""SearchCreativeWork"", ""object_name"": ""The Phoenix"", ""object_type"": ""soundtrack""}"
I'd like to see the book City University of Hong Kong Law Review,"{""intent"": ""SearchCreativeWork"", ""object_name"": ""City University of Hong Kong Law Review"", ""object_type"": ""book""}"
add song to Zen Focus playlist,"{""intent"": ""AddToPlaylist"", ""music_item"": ""song"", ""playlist"": ""Zen Focus""}"
rate the Poems for Midnight saga 4 points,"{""intent"": ""RateBook"", ""object_name"": ""Poems for Midnight"", ""object_part_of_series_type"": ""saga"", ""rating_unit"": ""points"", ""rating_value"": ""4""}"
add this song to my workout playlist,"{""intent"": ""AddToPlaylist"", ""music_item"": ""song"", ""playlist"": ""workout"", ""playlist_owner"": ""my""}"
Add Beverley Knight to my mellow beats playlist,"{""artist"": ""Beverley Knight"", ""intent"": ""AddToPlaylist"", ""playlist"": ""mellow beats"", ""playlist_owner"": ""my""}"
"Add another tune to my songs for you, not your parents playlist.","{""intent"": ""AddToPlaylist"", ""music_item"": ""tune"", ""playlist"": ""songs for you, not your parents"", ""playlist_owner"": ""my""}"
add steve albini album to my psychedelic rock playlist,"{""artist"": ""steve albini"", ""intent"": ""AddToPlaylist"", ""music_item"": ""album"", ""playlist"": ""psychedelic rock"", ""playlist_owner"": ""my""}"
Play the TV series Heart of Gold,"{""intent"": ""SearchCreativeWork"", ""object_name"": ""Heart of Gold"", ""object_type"": ""TV series""}"
read the book Journal of the Bombay Natural History Society,"{""intent"": ""SearchCreativeWork"", ""object_name"": ""Journal of the Bombay Natural History Society"", ""object_type"": ""book""}"
Add Michael Balzary to mujeres y hombres y fiesta,"{""artist"": ""Michael Balzary"", ""intent"": ""AddToPlaylist"", ""playlist"": ""mujeres y hombres y fiesta""}"
I am looking for the creative work A Wonderful Life,"{""intent"": ""SearchCreativeWork"", ""object_name"": ""A Wonderful Life""}"
add antisleep volume 04 in All Out 70s playlist,"{""entity_name"": ""antisleep volume 04"", ""intent"": ""AddToPlaylist"", ""playlist"": ""All Out 70s""}"
I feel that zero out of 6 points would be the rating of Queen of the Dawn.,"{""best_rating"": ""6"", ""intent"": ""RateBook"", ""object_name"": ""Queen of the Dawn"", ""rating_unit"": ""points"", ""rating_value"": ""zero""}"
rate the current novel two points out of 6,"{""best_rating"": ""6"", ""intent"": ""RateBook"", ""object_select"": ""current"", ""object_type"": ""novel"", ""rating_unit"": ""points"", ""rating_value"": ""two""}"
Add track to my Peaceful Piano,"{""intent"": ""AddToPlaylist"", ""music_item"": ""track"", ""playlist"": ""Peaceful Piano"", ""playlist_owner"": ""my""}"
Rate Peddling Prosperity zero stars,"{""intent"": ""RateBook"", ""object_name"": ""Peddling Prosperity"", ""rating_unit"": ""stars"", ""rating_value"": ""zero""}"
Where can I view the photograph of Johnny Cool,"{""intent"": ""SearchCreativeWork"", ""object_name"": ""Johnny Cool"", ""object_type"": ""photograph""}"
find a photograph called Between the Days,"{""intent"": ""SearchCreativeWork"", ""object_name"": ""Between the Days"", ""object_type"": ""photograph""}"
Put a track by Ricky Martin into my 70s smash hits playlist.,"{""artist"": ""Ricky Martin"", ""intent"": ""AddToPlaylist"", ""music_item"": ""track"", ""playlist"": ""70s smash hits"", ""playlist_owner"": ""my""}"
Listen to Dragon Ball: Music Collection,"{""intent"": ""SearchCreativeWork"", ""object_name"": ""Dragon Ball: Music Collection""}"
give one out of 6 points to The Psychopathic God series,"{""best_rating"": ""6"", ""intent"": ""RateBook"", ""object_name"": ""The Psychopathic God"", ""object_part_of_series_type"": ""series"", ""rating_unit"": ""points"", ""rating_value"": ""one""}"
Add live around the world to crossroad blues,"{""entity_name"": ""live around the world"", ""intent"": ""AddToPlaylist"", ""playlist"": ""crossroad blues""}"
Show me a television show named A Love to Hide.,"{""intent"": ""SearchCreativeWork"", ""object_name"": ""A Love to Hide"", ""object_type"": ""television show""}"
Rate the current novel 5 of 6,"{""best_rating"": ""6"", ""intent"": ""RateBook"", ""object_select"": ""current"", ""object_type"": ""novel"", ""rating_value"": ""5""}"
add the artist cho kyu hyun to Funky Jams,"{""artist"": ""cho kyu hyun"", ""intent"": ""AddToPlaylist"", ""music_item"": ""artist"", ""playlist"": ""Funky Jams""}"
Add Candlelight to my House Afterwork playlist.,"{""entity_name"": ""Candlelight"", ""intent"": ""AddToPlaylist"", ""playlist"": ""House Afterwork"", ""playlist_owner"": ""my""}"
Where can I view the TV series of W.I.T.C.H.,"{""intent"": ""SearchCreativeWork"", ""object_name"": ""W.I.T.C.H."", ""object_type"": ""TV series""}"
add The Spine Surfs Alone to my playlist called The Funny Thing About Football Is,"{""entity_name"": ""The Spine Surfs Alone"", ""intent"": ""AddToPlaylist"", ""playlist"": ""The Funny Thing About Football Is"", ""playlist_owner"": ""my""}"
Add to my list the tune summer of love,"{""intent"": ""AddToPlaylist"", ""music_item"": ""tune"", ""playlist"": ""summer of love"", ""playlist_owner"": ""my""}"
Put this tune on All A Cappella,"{""intent"": ""AddToPlaylist"", ""music_item"": ""tune"", ""playlist"": ""All A Cappella""}"
Rate The Simon & Schuster Encyclopedia of Dinosaurs and Prehistoric Creatures 0 points.,"{""intent"": ""RateBook"", ""object_name"": ""The Simon & Schuster Encyclopedia of Dinosaurs and Prehistoric Creatures"", ""rating_unit"": ""points"", ""rating_value"": ""0""}"
Add this tune to my playlist named Women of Fresh Finds,"{""intent"": ""AddToPlaylist"", ""music_item"": ""tune"", ""playlist"": ""Women of Fresh Finds"", ""playlist_owner"": ""my""}"
I want to give the current saga 0 stars,"{""intent"": ""RateBook"", ""object_part_of_series_type"": ""saga"", ""object_select"": ""current"", ""rating_unit"": ""stars"", ""rating_value"": ""0""}"
add Tracy Chapman to Late Night Jazz,"{""artist"": ""Tracy Chapman"", ""intent"": ""AddToPlaylist"", ""playlist"": ""Late Night Jazz""}"
show creative Devils to Some,"{""intent"": ""SearchCreativeWork"", ""object_name"": ""Devils to Some"", ""object_type"": ""show""}"
Show The Bridge of San Luis Rey picture,"{""intent"": ""SearchCreativeWork"", ""object_name"": ""The Bridge of San Luis Rey"", ""object_type"": ""picture""}"
add Rupee to my Ultra Metal playlist,"{""artist"": ""Rupee"", ""intent"": ""AddToPlaylist"", ""playlist"": ""Ultra Metal"", ""playlist_owner"": ""my""}"
Add a tune to clásicos del hip hop español,"{""intent"": ""AddToPlaylist"", ""music_item"": ""tune"", ""playlist"": ""clásicos del hip hop español""}"
Rate Shadow of Night a 1,"{""intent"": ""RateBook"", ""object_name"": ""Shadow of Night"", ""rating_value"": ""1""}"
Rate this album 0 points out of 6,"{""best_rating"": ""6"", ""intent"": ""RateBook"", ""object_select"": ""this"", ""object_type"": ""album"", ""rating_unit"": ""points"", ""rating_value"": ""0""}"
For the current essay I rate 1 out of 6,"{""best_rating"": ""6"", ""intent"": ""RateBook"", ""object_select"": ""current"", ""object_type"": ""essay"", ""rating_value"": ""1""}"
Find Beavis and Butt-head,"{""intent"": ""SearchCreativeWork"", ""object_name"": ""Beavis and Butt-head""}"
Rate the current book 2 points,"{""intent"": ""RateBook"", ""object_select"": ""current"", ""object_type"": ""book"", ""rating_unit"": ""points"", ""rating_value"": ""2""}"
Add anti ep to esenciales,"{""entity_name"": ""anti ep"", ""intent"": ""AddToPlaylist"", ""playlist"": ""esenciales""}"
Find a painting called The Book of Folly.,"{""intent"": ""SearchCreativeWork"", ""object_name"": ""The Book of Folly"", ""object_type"": ""painting""}"
Please get me Rough and Ready saga.,"{""intent"": ""SearchCreativeWork"", ""object_name"": ""Rough and Ready"", ""object_type"": ""saga""}"
Rate The Prince of Venice Beach 3 stars,"{""intent"": ""RateBook"", ""object_name"": ""The Prince of Venice Beach"", ""rating_unit"": ""stars"", ""rating_value"": ""3""}"
Give 2 out of 6 points to the following textbook.,"{""best_rating"": ""6"", ""intent"": ""RateBook"", ""object_select"": ""following"", ""object_type"": ""textbook"", ""rating_unit"": ""points"", ""rating_value"": ""2""}"
Can you find a picture of The Rambler,"{""intent"": ""SearchCreativeWork"", ""object_name"": ""The Rambler"", ""object_type"": ""picture""}"
Add track to my Digster Future Hits,"{""intent"": ""AddToPlaylist"", ""music_item"": ""track"", ""playlist"": ""Digster Future Hits"", ""playlist_owner"": ""my""}"
add Paloma negra to my Funky Jams list,"{""entity_name"": ""Paloma negra"", ""intent"": ""AddToPlaylist"", ""playlist"": ""Funky Jams"", ""playlist_owner"": ""my""}"
Add song to Kids Workout,"{""intent"": ""AddToPlaylist"", ""music_item"": ""song"", ""playlist"": ""Kids Workout""}"
find Mash Confusion,"{""intent"": ""SearchCreativeWork"", ""object_name"": ""Mash Confusion""}"
give 2 stars to Mulligan Stew series,"{""intent"": ""RateBook"", ""object_name"": ""Mulligan Stew"", ""object_part_of_series_type"": ""series"", ""rating_unit"": ""stars"", ""rating_value"": ""2""}"
show painting of Waiting for Snow in Havana,"{""intent"": ""SearchCreativeWork"", ""object_name"": ""Waiting for Snow in Havana"", ""object_type"": ""painting""}"
Add alexia to women of classical,"{""artist"": ""alexia"", ""intent"": ""AddToPlaylist"", ""playlist"": ""women of classical""}"
add this album to tgif,"{""intent"": ""AddToPlaylist"", ""music_item"": ""album"", ""playlist"": ""tgif""}"
rate this album one out of 6,"{""best_rating"": ""6"", ""intent"": ""RateBook"", ""object_select"": ""this"", ""object_type"": ""album"", ""rating_value"": ""one""}"
look for the show named Chestnut Mare,"{""intent"": ""SearchCreativeWork"", ""object_name"": ""Chestnut Mare"", ""object_type"": ""show""}"
Find me Under the Skin,"{""intent"": ""SearchCreativeWork"", ""object_name"": ""Under the Skin""}"
Looking for a painting with the title With You,"{""intent"": ""SearchCreativeWork"", ""object_name"": ""With You"", ""object_type"": ""painting""}"
the previous textbook is a 3,"{""intent"": ""RateBook"", ""object_select"": ""previous"", ""object_type"": ""textbook"", ""rating_value"": ""3""}"
Would you put hammer onto the lunch playlist?,"{""entity_name"": ""hammer"", ""intent"": ""AddToPlaylist"", ""playlist"": ""lunch""}"
give five out of 6 to this novel,"{""best_rating"": ""6"", ""intent"": ""RateBook"", ""object_select"": ""this"", ""object_type"": ""novel"", ""rating_value"": ""five""}"
rate The Other Wind 2 of 6,"{""best_rating"": ""6"", ""intent"": ""RateBook"", ""object_name"": ""The Other Wind"", ""rating_value"": ""2""}"
Show me the saga St. Elsewhere,"{""intent"": ""SearchCreativeWork"", ""object_name"": ""St. Elsewhere"", ""object_type"": ""saga""}"
play the song Red Lanta,"{""intent"": ""SearchCreativeWork"", ""object_name"": ""Red Lanta"", ""object_type"": ""song""}"
add 9th Inning to my bossa nova dinner playlist,"{""entity_name"": ""9th Inning"", ""intent"": ""AddToPlaylist"", ""playlist"": ""bossa nova dinner"", ""playlist_owner"": ""my""}"
I would rate the Executive Power a four and a best rating of 6,"{""best_rating"": ""6"", ""intent"": ""RateBook"", ""object_name"": ""Executive Power"", ""rating_value"": ""four""}"
I'd like to watch the TV show Hola Mary Lou: Prom Night II,"{""intent"": ""SearchCreativeWork"", ""object_name"": ""Hola Mary Lou: Prom Night II"", ""object_type"": ""TV show""}"
I give this book a 5.,"{""intent"": ""RateBook"", ""object_select"": ""this"", ""object_type"": ""book"", ""rating_value"": ""5""}"
add this MakSim tune to Trad Folk,"{""artist"": ""MakSim"", ""intent"": ""AddToPlaylist"", ""music_item"": ""tune"", ""playlist"": ""Trad Folk""}"
rate The Sunrise Lands a zero,"{""intent"": ""RateBook"", ""object_name"": ""The Sunrise Lands"", ""rating_value"": ""zero""}"
The this is kevin johansen playlist needs The Lamb Lies Down on Broadway in it.,"{""entity_name"": ""The Lamb Lies Down on Broadway"", ""intent"": ""AddToPlaylist"", ""playlist"": ""this is kevin johansen""}"
Play the Food Uncut soundtrack,"{""intent"": ""SearchCreativeWork"", ""object_name"": ""Food Uncut"", ""object_type"": ""soundtrack""}"
Find The Last Angry Moose,"{""intent"": ""SearchCreativeWork"", ""object_name"": ""The Last Angry Moose""}"
Find Manual of Love 2.,"{""intent"": ""SearchCreativeWork"", ""object_name"": ""Manual of Love 2""}"
Find me the painting Fallen Sanctuary,"{""intent"": ""SearchCreativeWork"", ""object_name"": ""Fallen Sanctuary"", ""object_type"": ""painting""}"
add my hands to travelling playlist,"{""entity_name"": ""my hands"", ""intent"": ""AddToPlaylist"", ""playlist"": ""travelling""}"
"add Hello, My Lover, Goodbye to my Deathcore playlist","{""entity_name"": ""Hello, My Lover, Goodbye"", ""intent"": ""AddToPlaylist"", ""playlist"": ""Deathcore"", ""playlist_owner"": ""my""}"
add album to Ultra Metal,"{""intent"": ""AddToPlaylist"", ""music_item"": ""album"", ""playlist"": ""Ultra Metal""}"
current album gets a value of 0,"{""intent"": ""RateBook"", ""object_select"": ""current"", ""object_type"": ""album"", ""rating_value"": ""0""}"
Find a show called Lipstick Vogue.,"{""intent"": ""SearchCreativeWork"", ""object_name"": ""Lipstick Vogue"", ""object_type"": ""show""}"
Give this album 2 / 6.,"{""best_rating"": ""6"", ""intent"": ""RateBook"", ""object_select"": ""this"", ""object_type"": ""album"", ""rating_value"": ""2""}"
How do I get the soundtrack for Hearts of Fencing?,"{""intent"": ""SearchCreativeWork"", ""object_name"": ""Hearts of Fencing"", ""object_type"": ""soundtrack""}"
"Pull up the TV show, 40 Seasons: The Best of Skid Row","{""intent"": ""SearchCreativeWork"", ""object_name"": ""40 Seasons: The Best of Skid Row"", ""object_type"": ""TV show""}"
How to buy picture of Agent Hamilton: But Not If It Concerns Your Daughter,"{""intent"": ""SearchCreativeWork"", ""object_name"": ""Agent Hamilton: But Not If It Concerns Your Daughter"", ""object_type"": ""picture""}"
Rate She: A History of Adventure a one of 6,"{""best_rating"": ""6"", ""intent"": ""RateBook"", ""object_name"": ""She: A History of Adventure"", ""rating_value"": ""one""}"
Add Troy van Leeuwen to my nu metal list,"{""artist"": ""Troy van Leeuwen"", ""intent"": ""AddToPlaylist"", ""playlist"": ""nu metal"", ""playlist_owner"": ""my""}"
"Pull up the video game, Apothecary Rx","{""intent"": ""SearchCreativeWork"", ""object_name"": ""Apothecary Rx"", ""object_type"": ""video game""}"
play the Baldur’s Gate II: Throne of Bhaal saga,"{""intent"": ""SearchCreativeWork"", ""object_name"": ""Baldur’s Gate II: Throne of Bhaal"", ""object_type"": ""saga""}"
What is Lost Land of the Tiger,"{""intent"": ""SearchCreativeWork"", ""object_name"": ""Lost Land of the Tiger""}"
Add the album to the hot 50 playlist.,"{""intent"": ""AddToPlaylist"", ""music_item"": ""album"", ""playlist"": ""hot 50""}"
add album to bajo las estrellas,"{""intent"": ""AddToPlaylist"", ""music_item"": ""album"", ""playlist"": ""bajo las estrellas""}"
I would give Dead Man Falling 5 points and a best rating of 6,"{""best_rating"": ""6"", ""intent"": ""RateBook"", ""object_name"": ""Dead Man Falling"", ""rating_unit"": ""points"", ""rating_value"": ""5""}"
Include Brandon Paris in The MetalSucks Playlist,"{""artist"": ""Brandon Paris"", ""intent"": ""AddToPlaylist"", ""playlist"": ""The MetalSucks Playlist""}"
find a TV series called Armageddon Summer,"{""intent"": ""SearchCreativeWork"", ""object_name"": ""Armageddon Summer"", ""object_type"": ""TV series""}"
Give The Street five points.,"{""intent"": ""RateBook"", ""object_name"": ""The Street"", ""rating_unit"": ""points"", ""rating_value"": ""five""}"
Rate Through Distant Worlds and Times 5 of 6 points,"{""best_rating"": ""6"", ""intent"": ""RateBook"", ""object_name"": ""Through Distant Worlds and Times"", ""rating_unit"": ""points"", ""rating_value"": ""5""}"
add artist to my friendesemana playlist,"{""intent"": ""AddToPlaylist"", ""music_item"": ""artist"", ""playlist"": ""friendesemana"", ""playlist_owner"": ""my""}"
Show me the Live~Legend 1999 & 1997 Apocalypse TV show,"{""intent"": ""SearchCreativeWork"", ""object_name"": ""Live~Legend 1999 & 1997 Apocalypse"", ""object_type"": ""TV show""}"
Play a trailer for Give It All,"{""intent"": ""SearchCreativeWork"", ""object_name"": ""Give It All"", ""object_type"": ""trailer""}"
add the piano bar to my Cindy Wilson,"{""artist"": ""Cindy Wilson"", ""intent"": ""AddToPlaylist"", ""playlist"": ""the piano bar"", ""playlist_owner"": ""my""}"
Add julian taylor to my latin dance cardio list,"{""artist"": ""julian taylor"", ""intent"": ""AddToPlaylist"", ""playlist"": ""latin dance cardio"", ""playlist_owner"": ""my""}"
Rate this album five out of 6 stars.,"{""best_rating"": ""6"", ""intent"": ""RateBook"", ""object_select"": ""this"", ""object_type"": ""album"", ""rating_unit"": ""stars"", ""rating_value"": ""five""}"
1 points for Victory for Us Is to See You Suffer,"{""intent"": ""RateBook"", ""object_name"": ""Victory for Us Is to See You Suffer"", ""rating_unit"": ""points"", ""rating_value"": ""1""}"
Please look up Amrithavaahini,"{""intent"": ""SearchCreativeWork"", ""object_name"": ""Amrithavaahini""}"
Add the Nastya Kamenskih song to my The Martin Garrix Show playlist.,"{""artist"": ""Nastya Kamenskih"", ""intent"": ""AddToPlaylist"", ""music_item"": ""song"", ""playlist"": ""The Martin Garrix Show"", ""playlist_owner"": ""my""}"
"Please search the work, The Mercenary.","{""intent"": ""SearchCreativeWork"", ""object_name"": ""The Mercenary""}"
give the Racing the Rain saga zero stars,"{""intent"": ""RateBook"", ""object_name"": ""Racing the Rain"", ""object_part_of_series_type"": ""saga"", ""rating_unit"": ""stars"", ""rating_value"": ""zero""}"
I want to watch the television show Naked II,"{""intent"": ""SearchCreativeWork"", ""object_name"": ""Naked II"", ""object_type"": ""television show""}"
show me God Bless the Child photograph,"{""intent"": ""SearchCreativeWork"", ""object_name"": ""God Bless the Child"", ""object_type"": ""photograph""}"
Give Star Trek: The Motion Picture a five out of 6.,"{""best_rating"": ""6"", ""intent"": ""RateBook"", ""object_name"": ""Star Trek: The Motion Picture"", ""rating_value"": ""five""}"
find Reproductions: Songs of The Human League,"{""intent"": ""SearchCreativeWork"", ""object_name"": ""Reproductions: Songs of The Human League""}"
I want to World of Warcraft: Tides of Darkness,"{""intent"": ""SearchCreativeWork"", ""object_name"": ""World of Warcraft: Tides of Darkness""}"
Edit Classic Road Trip Songs put on Sammy Cahn,"{""artist"": ""Sammy Cahn"", ""intent"": ""AddToPlaylist"", ""playlist"": ""Classic Road Trip Songs""}"
Add track to novedades viernes sudamérica,"{""intent"": ""AddToPlaylist"", ""music_item"": ""track"", ""playlist"": ""novedades viernes sudamérica""}"
I give the previous album one out of 6 points.,"{""best_rating"": ""6"", ""intent"": ""RateBook"", ""object_select"": ""previous"", ""object_type"": ""album"", ""rating_unit"": ""points"", ""rating_value"": ""one""}"
Please add The image of you to my playlist Crate Diggers Anonymous,"{""entity_name"": ""The image of you"", ""intent"": ""AddToPlaylist"", ""playlist"": ""Crate Diggers Anonymous"", ""playlist_owner"": ""my""}"
find a television show called Milagros: Girl from Away,"{""intent"": ""SearchCreativeWork"", ""object_name"": ""Milagros: Girl from Away"", ""object_type"": ""television show""}"
add Bedroom Jams to album,"{""intent"": ""AddToPlaylist"", ""music_item"": ""album"", ""playlist"": ""Bedroom Jams""}"
Find an album called Just Call Me Stupid.,"{""intent"": ""SearchCreativeWork"", ""object_name"": ""Just Call Me Stupid"", ""object_type"": ""album""}"
For my fantastic workout can you add sara bareilles?,"{""artist"": ""sara bareilles"", ""intent"": ""AddToPlaylist"", ""playlist"": ""fantastic workout"", ""playlist_owner"": ""my""}"
"Please search for the television show, Episodi di The Blacklist.","{""intent"": ""SearchCreativeWork"", ""object_name"": ""Episodi di The Blacklist"", ""object_type"": ""television show""}"
Find a TV series called Live Hearts.,"{""intent"": ""SearchCreativeWork"", ""object_name"": ""Live Hearts"", ""object_type"": ""TV series""}"
Find WxHexEditor.,"{""intent"": ""SearchCreativeWork"", ""object_name"": ""WxHexEditor""}"
I give Nothing Lasts Forever 5 out of 6 points.,"{""best_rating"": ""6"", ""intent"": ""RateBook"", ""object_name"": ""Nothing Lasts Forever"", ""rating_unit"": ""points"", ""rating_value"": ""5""}"
I'm looking for Circus World.,"{""intent"": ""SearchCreativeWork"", ""object_name"": ""Circus World""}"
rate the current essay a four,"{""intent"": ""RateBook"", ""object_select"": ""current"", ""object_type"": ""essay"", ""rating_value"": ""four""}"
3 stars is the rating for Boy Meets Boy,"{""intent"": ""RateBook"", ""object_name"": ""Boy Meets Boy"", ""rating_unit"": ""stars"", ""rating_value"": ""3""}"
add ian gillan to my Rock Party,"{""artist"": ""ian gillan"", ""intent"": ""AddToPlaylist"", ""playlist"": ""Rock Party"", ""playlist_owner"": ""my""}"
put this artist on Domingo Indie,"{""intent"": ""AddToPlaylist"", ""music_item"": ""artist"", ""playlist"": ""Domingo Indie""}"
Show The Critic game,"{""intent"": ""SearchCreativeWork"", ""object_name"": ""The Critic"", ""object_type"": ""game""}"
add Eef Barzelay to my Country Coffeehouse,"{""artist"": ""Eef Barzelay"", ""intent"": ""AddToPlaylist"", ""playlist"": ""Country Coffeehouse"", ""playlist_owner"": ""my""}"
add sam sparro to my playlist called Beach Vibes,"{""artist"": ""sam sparro"", ""intent"": ""AddToPlaylist"", ""playlist"": ""Beach Vibes"", ""playlist_owner"": ""my""}"
I'm looking for the song called Standing for Something.,"{""intent"": ""SearchCreativeWork"", ""object_name"": ""Standing for Something"", ""object_type"": ""song""}"
Add your loving flame to my palylist Rock,"{""entity_name"": ""your loving flame"", ""intent"": ""AddToPlaylist"", ""playlist"": ""Rock"", ""playlist_owner"": ""my""}"
I want to add Kool Keith to my chill out dinner playlist,"{""artist"": ""Kool Keith"", ""intent"": ""AddToPlaylist"", ""playlist"": ""chill out dinner"", ""playlist_owner"": ""my""}"
Add exorcising ghosts to joy's thrash attack playlist,"{""entity_name"": ""exorcising ghosts"", ""intent"": ""AddToPlaylist"", ""playlist"": ""thrash attack"", ""playlist_owner"": ""joy's""}"
I rate the book Time and Stars two points,"{""intent"": ""RateBook"", ""object_name"": ""Time and Stars"", ""object_type"": ""book"", ""rating_unit"": ""points"", ""rating_value"": ""two""}"
Add a song by Claude VonStroke to the under the surface playlist.,"{""artist"": ""Claude VonStroke"", ""intent"": ""AddToPlaylist"", ""music_item"": ""song"", ""playlist"": ""under the surface""}"
Where is the TV show Am Universum,"{""intent"": ""SearchCreativeWork"", ""object_name"": ""Am Universum"", ""object_type"": ""TV show""}"
Rate The Ultimate Revelations saga four,"{""intent"": ""RateBook"", ""object_name"": ""The Ultimate Revelations"", ""object_part_of_series_type"": ""saga"", ""rating_value"": ""four""}"
Please search for the painting titled This Is the Night.,"{""intent"": ""SearchCreativeWork"", ""object_name"": ""This Is the Night"", ""object_type"": ""painting""}"
Look up Three Fantastic Dances,"{""intent"": ""SearchCreativeWork"", ""object_name"": ""Three Fantastic Dances""}"
rate Cock and Bull 5 of 6 points,"{""best_rating"": ""6"", ""intent"": ""RateBook"", ""object_name"": ""Cock and Bull"", ""rating_unit"": ""points"", ""rating_value"": ""5""}"
find a soundtrack called The Spanish Jade,"{""intent"": ""SearchCreativeWork"", ""object_name"": ""The Spanish Jade"", ""object_type"": ""soundtrack""}"
Peter and the Piskies: Cornish Folk and Fairy Tales only gets a three out of 6.,"{""best_rating"": ""6"", ""intent"": ""RateBook"", ""object_name"": ""Peter and the Piskies: Cornish Folk and Fairy Tales"", ""rating_value"": ""three""}"
Rate Nuclear Terrorism: The Ultimate Preventable Catastrophe 5 stars,"{""intent"": ""RateBook"", ""object_name"": ""Nuclear Terrorism: The Ultimate Preventable Catastrophe"", ""rating_unit"": ""stars"", ""rating_value"": ""5""}"
add tune to African Heat,"{""intent"": ""AddToPlaylist"", ""music_item"": ""tune"", ""playlist"": ""African Heat""}"
Give Hornblower in the West Indies 0 / 6 points,"{""best_rating"": ""6"", ""intent"": ""RateBook"", ""object_name"": ""Hornblower in the West Indies"", ""rating_unit"": ""points"", ""rating_value"": ""0""}"
Add parempi mies to the Café con Leche playlist.,"{""entity_name"": ""parempi mies"", ""intent"": ""AddToPlaylist"", ""playlist"": ""Café con Leche""}"
find She Monkeys,"{""intent"": ""SearchCreativeWork"", ""object_name"": ""She Monkeys""}"
Add artist to showstopper being mary jane,"{""intent"": ""AddToPlaylist"", ""music_item"": ""artist"", ""playlist"": ""showstopper being mary jane""}"
Rate the current album 4 of 6 stars,"{""best_rating"": ""6"", ""intent"": ""RateBook"", ""object_select"": ""current"", ""object_type"": ""album"", ""rating_unit"": ""stars"", ""rating_value"": ""4""}"
Please put David Van Tieghem onto my throwback party playlist.,"{""artist"": ""David Van Tieghem"", ""intent"": ""AddToPlaylist"", ""playlist"": ""throwback party"", ""playlist_owner"": ""my""}"
ad Sabah to my Evening Groove playlist,"{""artist"": ""Sabah"", ""intent"": ""AddToPlaylist"", ""playlist"": ""Evening Groove"", ""playlist_owner"": ""my""}"
Give The Plague a 0,"{""intent"": ""RateBook"", ""object_name"": ""The Plague"", ""rating_value"": ""0""}"
Rate the current series four stars.,"{""intent"": ""RateBook"", ""object_part_of_series_type"": ""series"", ""object_select"": ""current"", ""rating_unit"": ""stars"", ""rating_value"": ""four""}"
Find a photograph of Adventure Time: The Secret of the Nameless Kingdom,"{""intent"": ""SearchCreativeWork"", ""object_name"": ""Adventure Time: The Secret of the Nameless Kingdom"", ""object_type"": ""photograph""}"
Play the soundtrack for Back to the Future,"{""intent"": ""SearchCreativeWork"", ""object_name"": ""Back to the Future"", ""object_type"": ""soundtrack""}"
Find a soundtrack called Meet The Vogues.,"{""intent"": ""SearchCreativeWork"", ""object_name"": ""Meet The Vogues"", ""object_type"": ""soundtrack""}"
find Tortured Man,"{""intent"": ""SearchCreativeWork"", ""object_name"": ""Tortured Man""}"
Please find Brand New Strings,"{""intent"": ""SearchCreativeWork"", ""object_name"": ""Brand New Strings""}"
Add this song to this is no te va gustar playlist,"{""intent"": ""AddToPlaylist"", ""music_item"": ""song"", ""playlist"": ""this is no te va gustar""}"
Rate The Type One Super Robot five of 6 stars,"{""best_rating"": ""6"", ""intent"": ""RateBook"", ""object_name"": ""The Type One Super Robot"", ""rating_unit"": ""stars"", ""rating_value"": ""five""}"
Include Sean Yseult in kaitlin's metal overload playlist.,"{""artist"": ""Sean Yseult"", ""intent"": ""AddToPlaylist"", ""playlist"": ""metal overload"", ""playlist_owner"": ""kaitlin's""}"
Can Super Turnt Up get added to my emotron playlist?,"{""entity_name"": ""Super Turnt Up"", ""intent"": ""AddToPlaylist"", ""playlist"": ""emotron"", ""playlist_owner"": ""my""}"
I want to read Mad Money,"{""intent"": ""SearchCreativeWork"", ""object_name"": ""Mad Money""}"
Add Heart Like a Hurricane to digster soul classics,"{""entity_name"": ""Heart Like a Hurricane"", ""intent"": ""AddToPlaylist"", ""playlist"": ""digster soul classics""}"
add josefina pla to isabelle's Guest List GamesRadar playlist,"{""artist"": ""josefina pla"", ""intent"": ""AddToPlaylist"", ""playlist"": ""Guest List GamesRadar"", ""playlist_owner"": ""isabelle's""}"
Add Andy Hunter to my Evening Commute playlist.,"{""artist"": ""Andy Hunter"", ""intent"": ""AddToPlaylist"", ""playlist"": ""Evening Commute"", ""playlist_owner"": ""my""}"
Find Fragile Frontiers: The Secret History of Mumbai Terror Attacks.,"{""intent"": ""SearchCreativeWork"", ""object_name"": ""Fragile Frontiers: The Secret History of Mumbai Terror Attacks""}"
Add the entire album into indie español,"{""intent"": ""AddToPlaylist"", ""music_item"": ""album"", ""playlist"": ""indie español""}"
put Limey onto my this is astor piazzolla list,"{""entity_name"": ""Limey"", ""intent"": ""AddToPlaylist"", ""playlist"": ""this is astor piazzolla"", ""playlist_owner"": ""my""}"
Add more David Wolfenberger to my Duetos playlist.,"{""artist"": ""David Wolfenberger"", ""intent"": ""AddToPlaylist"", ""playlist"": ""Duetos"", ""playlist_owner"": ""my""}"
give a 5 to A Picture of Her Tombstone,"{""intent"": ""RateBook"", ""object_name"": ""A Picture of Her Tombstone"", ""rating_value"": ""5""}"
I'd like to see the Paul Murray Live television show,"{""intent"": ""SearchCreativeWork"", ""object_name"": ""Paul Murray Live"", ""object_type"": ""television show""}"
add this tune to my Rock This,"{""intent"": ""AddToPlaylist"", ""music_item"": ""tune"", ""playlist"": ""Rock This"", ""playlist_owner"": ""my""}"
rate National Geographic Dinosaurs 2 out of 6,"{""best_rating"": ""6"", ""intent"": ""RateBook"", ""object_name"": ""National Geographic Dinosaurs"", ""rating_value"": ""2""}"
Show me Tears On My Pillow.,"{""intent"": ""SearchCreativeWork"", ""object_name"": ""Tears On My Pillow""}"
Dawn of the Emperors: Thyatis and Alphatia deserves a rating value of 1,"{""intent"": ""RateBook"", ""object_name"": ""Dawn of the Emperors: Thyatis and Alphatia"", ""rating_value"": ""1""}"
Please help me find the video game John Michael Montgomery discography.,"{""intent"": ""SearchCreativeWork"", ""object_name"": ""John Michael Montgomery discography"", ""object_type"": ""video game""}"
Search for Innocence from Hell,"{""intent"": ""SearchCreativeWork"", ""object_name"": ""Innocence from Hell""}"
Where can I find the trailer for Sensations of 1945,"{""intent"": ""SearchCreativeWork"", ""object_name"": ""Sensations of 1945"", ""object_type"": ""trailer""}"
add the artist to my 31 Minutos playlist,"{""intent"": ""AddToPlaylist"", ""music_item"": ""artist"", ""playlist"": ""31 Minutos"", ""playlist_owner"": ""my""}"
show More Questions Than Answers trailer,"{""intent"": ""SearchCreativeWork"", ""object_name"": ""More Questions Than Answers"", ""object_type"": ""trailer""}"
add LISA to my playlist Street Dance,"{""artist"": ""LISA"", ""intent"": ""AddToPlaylist"", ""playlist"": ""Street Dance"", ""playlist_owner"": ""my""}"
I want to give the chronicle What We Talk About When We Talk About Love 4 out of 6,"{""best_rating"": ""6"", ""intent"": ""RateBook"", ""object_name"": ""What We Talk About When We Talk About Love"", ""object_part_of_series_type"": ""chronicle"", ""rating_value"": ""4""}"
Give The Abstinence Teacher 4 out of 6,"{""best_rating"": ""6"", ""intent"": ""RateBook"", ""object_name"": ""The Abstinence Teacher"", ""rating_value"": ""4""}"
Give Modern Glamour: The Art of Unexpected Style three out of 6 stars,"{""best_rating"": ""6"", ""intent"": ""RateBook"", ""object_name"": ""Modern Glamour: The Art of Unexpected Style"", ""rating_unit"": ""stars"", ""rating_value"": ""three""}"
find the picture Louder Than Bombs,"{""intent"": ""SearchCreativeWork"", ""object_name"": ""Louder Than Bombs"", ""object_type"": ""picture""}"
Find The Fire in Our Throats Will Beckon the Thaw TV show,"{""intent"": ""SearchCreativeWork"", ""object_name"": ""The Fire in Our Throats Will Beckon the Thaw"", ""object_type"": ""TV show""}"
Add christopher lawrence to my Always Pop Punk playlist.,"{""artist"": ""christopher lawrence"", ""intent"": ""AddToPlaylist"", ""playlist"": ""Always Pop Punk"", ""playlist_owner"": ""my""}"
rate The Tom Thomson Mystery 1 stars,"{""intent"": ""RateBook"", ""object_name"": ""The Tom Thomson Mystery"", ""rating_unit"": ""stars"", ""rating_value"": ""1""}"
find Journal of the Society for American Music,"{""intent"": ""SearchCreativeWork"", ""object_name"": ""Journal of the Society for American Music""}"
find Live at Memory Lane,"{""intent"": ""SearchCreativeWork"", ""object_name"": ""Live at Memory Lane""}"
I am giving this current essay zero out of 6 stars,"{""best_rating"": ""6"", ""intent"": ""RateBook"", ""object_select"": ""current"", ""object_type"": ""essay"", ""rating_unit"": ""stars"", ""rating_value"": ""zero""}"
Add Tony McGuinness to my playlist I Love My 90s Hip Hop,"{""artist"": ""Tony McGuinness"", ""intent"": ""AddToPlaylist"", ""playlist"": ""I Love My 90s Hip Hop"", ""playlist_owner"": ""my""}"
rate this book 5 of 6 points,"{""best_rating"": ""6"", ""intent"": ""RateBook"", ""object_select"": ""this"", ""object_type"": ""book"", ""rating_unit"": ""points"", ""rating_value"": ""5""}"
Rate this chronicle one of 6 points,"{""best_rating"": ""6"", ""intent"": ""RateBook"", ""object_part_of_series_type"": ""chronicle"", ""object_select"": ""this"", ""rating_unit"": ""points"", ""rating_value"": ""one""}"
the essay following should only rate two points,"{""intent"": ""RateBook"", ""object_select"": ""following"", ""object_type"": ""essay"", ""rating_unit"": ""points"", ""rating_value"": ""two""}"
Please give 1 points to Waiting for the Mahatma.,"{""intent"": ""RateBook"", ""object_name"": ""Waiting for the Mahatma"", ""rating_unit"": ""points"", ""rating_value"": ""1""}"
Can you please assign two points to the White Niggers of America chronicle?,"{""intent"": ""RateBook"", ""object_name"": ""White Niggers of America"", ""object_part_of_series_type"": ""chronicle"", ""rating_unit"": ""points"", ""rating_value"": ""two""}"
Can you help me search the album titled PlayMaker Football?,"{""intent"": ""SearchCreativeWork"", ""object_name"": ""PlayMaker Football"", ""object_type"": ""album""}"
Add this track to my Rock Hard playlist,"{""intent"": ""AddToPlaylist"", ""music_item"": ""track"", ""playlist"": ""Rock Hard"", ""playlist_owner"": ""my""}"
Find the creative work Face Down,"{""intent"": ""SearchCreativeWork"", ""object_name"": ""Face Down""}"
Rate The Making of a Teacher a two,"{""intent"": ""RateBook"", ""object_name"": ""The Making of a Teacher"", ""rating_value"": ""two""}"
I'm giving 0 points to A New Lease of Death.,"{""intent"": ""RateBook"", ""object_name"": ""A New Lease of Death"", ""rating_unit"": ""points"", ""rating_value"": ""0""}"
rate this essay three of 6 stars,"{""best_rating"": ""6"", ""intent"": ""RateBook"", ""object_select"": ""this"", ""object_type"": ""essay"", ""rating_unit"": ""stars"", ""rating_value"": ""three""}"
rate this album three stars,"{""intent"": ""RateBook"", ""object_select"": ""this"", ""object_type"": ""album"", ""rating_unit"": ""stars"", ""rating_value"": ""three""}"
Put abe laboriel onto the Escapada playlist.,"{""artist"": ""abe laboriel"", ""intent"": ""AddToPlaylist"", ""playlist"": ""Escapada""}"
Give The Pirates! in an Adventure with Whaling a 0 out of 6.,"{""best_rating"": ""6"", ""intent"": ""RateBook"", ""object_name"": ""The Pirates! in an Adventure with Whaling"", ""rating_value"": ""0""}"
find the song The Fourth Man,"{""intent"": ""SearchCreativeWork"", ""object_name"": ""The Fourth Man"", ""object_type"": ""song""}"
Can you please find the Jack Johnson En Concert picture?,"{""intent"": ""SearchCreativeWork"", ""object_name"": ""Jack Johnson En Concert"", ""object_type"": ""picture""}"
Play The News Virginian song,"{""intent"": ""SearchCreativeWork"", ""object_name"": ""The News Virginian"", ""object_type"": ""song""}"
Rate Religion and Dharma saga 1 points,"{""intent"": ""RateBook"", ""object_name"": ""Religion and Dharma"", ""object_part_of_series_type"": ""saga"", ""rating_unit"": ""points"", ""rating_value"": ""1""}"
Add this track to the Sunshine Reggae playlist,"{""intent"": ""AddToPlaylist"", ""music_item"": ""track"", ""playlist"": ""Sunshine Reggae""}"
Find a TV series called The Golden Hits of Sandie Shaw.,"{""intent"": ""SearchCreativeWork"", ""object_name"": ""The Golden Hits of Sandie Shaw"", ""object_type"": ""TV series""}"
Add this Nozomi Tsuji tune to my Hot House playlist,"{""artist"": ""Nozomi Tsuji"", ""intent"": ""AddToPlaylist"", ""music_item"": ""tune"", ""playlist"": ""Hot House"", ""playlist_owner"": ""my""}"
"Add Nazad, nazad, Kalino mome to Escapada","{""entity_name"": ""Nazad, nazad, Kalino mome"", ""intent"": ""AddToPlaylist"", ""playlist"": ""Escapada""}"
give it a 0 for this essay,"{""intent"": ""RateBook"", ""object_select"": ""this"", ""object_type"": ""essay"", ""rating_value"": ""0""}"
Add rev-raptor to 90s Indie,"{""entity_name"": ""rev-raptor"", ""intent"": ""AddToPlaylist"", ""playlist"": ""90s Indie""}"
Add this tune by rod argent to propuesta alternativa playlist,"{""artist"": ""rod argent"", ""intent"": ""AddToPlaylist"", ""music_item"": ""tune"", ""playlist"": ""propuesta alternativa""}"
add licorice mckechnie to just dance by aftercluv,"{""artist"": ""licorice mckechnie"", ""intent"": ""AddToPlaylist"", ""playlist"": ""just dance by aftercluv""}"
Rate Timeline of science fiction 4 out of 6,"{""best_rating"": ""6"", ""intent"": ""RateBook"", ""object_name"": ""Timeline of science fiction"", ""rating_value"": ""4""}"
put this album on my road trip playlist,"{""intent"": ""AddToPlaylist"", ""music_item"": ""album"", ""playlist"": ""road trip"", ""playlist_owner"": ""my""}"
Add a track to my list Made in Puerto Rico,"{""intent"": ""AddToPlaylist"", ""music_item"": ""track"", ""playlist"": ""Made in Puerto Rico"", ""playlist_owner"": ""my""}"
Look up the Fair Warning saga,"{""intent"": ""SearchCreativeWork"", ""object_name"": ""Fair Warning"", ""object_type"": ""saga""}"
Where can I buy the movie The Teahouse Fire?,"{""intent"": ""SearchCreativeWork"", ""object_name"": ""The Teahouse Fire"", ""object_type"": ""movie""}"
I would give the Living Dead in Dallas chronicle zero points,"{""intent"": ""RateBook"", ""object_name"": ""Living Dead in Dallas"", ""object_part_of_series_type"": ""chronicle"", ""rating_unit"": ""points"", ""rating_value"": ""zero""}"
rate the book Whit a zero,"{""intent"": ""RateBook"", ""object_name"": ""Whit"", ""object_type"": ""book"", ""rating_value"": ""zero""}"
Add Sabrina Salerno to the Grime Instrumentals playlist,"{""artist"": ""Sabrina Salerno"", ""intent"": ""AddToPlaylist"", ""playlist"": ""Grime Instrumentals""}"
give this textbook zero out of 6,"{""best_rating"": ""6"", ""intent"": ""RateBook"", ""object_select"": ""this"", ""object_type"": ""textbook"", ""rating_value"": ""zero""}"
The book The Chymical Wedding is only worth 3 points.,"{""intent"": ""RateBook"", ""object_name"": ""The Chymical Wedding"", ""object_type"": ""book"", ""rating_unit"": ""points"", ""rating_value"": ""3""}"
Add Roots of the Outsiders to Blues Roots,"{""entity_name"": ""Roots of the Outsiders"", ""intent"": ""AddToPlaylist"", ""playlist"": ""Blues Roots""}"
Rate this textbook a 1,"{""intent"": ""RateBook"", ""object_select"": ""this"", ""object_type"": ""textbook"", ""rating_value"": ""1""}"
Add Mel Draisey tomy 80s Classic Hits playlist.,"{""artist"": ""Mel Draisey"", ""intent"": ""AddToPlaylist"", ""playlist"": ""80s Classic Hits""}"
add Love Story wa Totsuzen ni to the martin garrix show playlist,"{""entity_name"": ""Love Story wa Totsuzen ni"", ""intent"": ""AddToPlaylist"", ""playlist"": ""the martin garrix show""}"
Rate Voyage in the Dark 3 of 6,"{""best_rating"": ""6"", ""intent"": ""RateBook"", ""object_name"": ""Voyage in the Dark"", ""rating_value"": ""3""}"
TV series for The Thirty Nine Steps?,"{""intent"": ""SearchCreativeWork"", ""object_name"": ""The Thirty Nine Steps"", ""object_type"": ""TV series""}"
add this track to anne's playlist named Just Smile,"{""intent"": ""AddToPlaylist"", ""music_item"": ""track"", ""playlist"": ""Just Smile"", ""playlist_owner"": ""anne's""}"
find the picture Ultima VI: The False Prophet,"{""intent"": ""SearchCreativeWork"", ""object_name"": ""Ultima VI: The False Prophet"", ""object_type"": ""picture""}"
Give the current series four of 6 points.,"{""best_rating"": ""6"", ""intent"": ""RateBook"", ""object_part_of_series_type"": ""series"", ""object_select"": ""current"", ""rating_unit"": ""points"", ""rating_value"": ""four""}"
I rate this novel 2 of 6 points,"{""best_rating"": ""6"", ""intent"": ""RateBook"", ""object_select"": ""this"", ""object_type"": ""novel"", ""rating_unit"": ""points"", ""rating_value"": ""2""}"
Find the News At Seven-Thirty photograph,"{""intent"": ""SearchCreativeWork"", ""object_name"": ""News At Seven-Thirty"", ""object_type"": ""photograph""}"
Rate the book White Girl Bleed a Lot only two points.,"{""intent"": ""RateBook"", ""object_name"": ""White Girl Bleed a Lot"", ""object_type"": ""book"", ""rating_unit"": ""points"", ""rating_value"": ""two""}"
add fabrice morvan to Folk for Kids,"{""artist"": ""fabrice morvan"", ""intent"": ""AddToPlaylist"", ""playlist"": ""Folk for Kids""}"
Please search A New Machine TV series.,"{""intent"": ""SearchCreativeWork"", ""object_name"": ""A New Machine"", ""object_type"": ""TV series""}"
give 3 out of 6 points to The Secrets of Love,"{""best_rating"": ""6"", ""intent"": ""RateBook"", ""object_name"": ""The Secrets of Love"", ""rating_unit"": ""points"", ""rating_value"": ""3""}"
Rate this album 2 stars,"{""intent"": ""RateBook"", ""object_select"": ""this"", ""object_type"": ""album"", ""rating_unit"": ""stars"", ""rating_value"": ""2""}"
show me the photograph with the title The Denial,"{""intent"": ""SearchCreativeWork"", ""object_name"": ""The Denial"", ""object_type"": ""photograph""}"
Look up the TV series Operace Silver A,"{""intent"": ""SearchCreativeWork"", ""object_name"": ""Operace Silver A"", ""object_type"": ""TV series""}"
Assign 5 stars to Lincoln at Gettysburg,"{""intent"": ""RateBook"", ""object_name"": ""Lincoln at Gettysburg"", ""rating_unit"": ""stars"", ""rating_value"": ""5""}"
give this textbook a 4,"{""intent"": ""RateBook"", ""object_select"": ""this"", ""object_type"": ""textbook"", ""rating_value"": ""4""}"
show Under the Sea creative video game,"{""intent"": ""SearchCreativeWork"", ""object_name"": ""Under the Sea"", ""object_type"": ""video game""}"
rate current album five,"{""intent"": ""RateBook"", ""object_select"": ""current"", ""object_type"": ""album"", ""rating_value"": ""five""}"
add track to my spring playlist,"{""intent"": ""AddToPlaylist"", ""music_item"": ""track"", ""playlist"": ""spring"", ""playlist_owner"": ""my""}"
Add artist to Latin Pop Hits,"{""intent"": ""AddToPlaylist"", ""music_item"": ""artist"", ""playlist"": ""Latin Pop Hits""}"
My Life as a Fake is one out of 6,"{""best_rating"": ""6"", ""intent"": ""RateBook"", ""object_name"": ""My Life as a Fake"", ""rating_value"": ""one""}"
put the mike oldfield album onto my La Mejor Música para tus Fiestas playlist,"{""artist"": ""mike oldfield"", ""intent"": ""AddToPlaylist"", ""music_item"": ""album"", ""playlist"": ""La Mejor Música para tus Fiestas"", ""playlist_owner"": ""my""}"
Add a track to my Alok House Party playlist,"{""intent"": ""AddToPlaylist"", ""music_item"": ""track"", ""playlist"": ""Alok House Party"", ""playlist_owner"": ""my""}"
Where can I see the movie Across the Line: The Exodus of Charlie Wright?,"{""intent"": ""SearchCreativeWork"", ""object_name"": ""Across the Line: The Exodus of Charlie Wright"", ""object_type"": ""movie""}"
Find me the TV show The First Bite.,"{""intent"": ""SearchCreativeWork"", ""object_name"": ""The First Bite"", ""object_type"": ""TV show""}"
Find the show Manthan,"{""intent"": ""SearchCreativeWork"", ""object_name"": ""Manthan"", ""object_type"": ""show""}"
Give the current series two stars.,"{""intent"": ""RateBook"", ""object_part_of_series_type"": ""series"", ""object_select"": ""current"", ""rating_unit"": ""stars"", ""rating_value"": ""two""}"
put artist Serenata onto my Massive Soca Hits list,"{""artist"": ""Serenata"", ""intent"": ""AddToPlaylist"", ""music_item"": ""artist"", ""playlist"": ""Massive Soca Hits"", ""playlist_owner"": ""my""}"
rate Darth Maul: Shadow Hunter one out 6 stars,"{""best_rating"": ""6"", ""intent"": ""RateBook"", ""object_name"": ""Darth Maul: Shadow Hunter"", ""rating_unit"": ""stars"", ""rating_value"": ""one""}"
rate the current album 2 out of 6,"{""best_rating"": ""6"", ""intent"": ""RateBook"", ""object_select"": ""current"", ""object_type"": ""album"", ""rating_value"": ""2""}"
add Halley to This Is Tchaikovsky,"{""entity_name"": ""Halley"", ""intent"": ""AddToPlaylist"", ""playlist"": ""This Is Tchaikovsky""}"
"I need Chapter One of the show, get it for me please.","{""intent"": ""SearchCreativeWork"", ""object_name"": ""Chapter One"", ""object_type"": ""show""}"
add A-Hunting We Will Go to the Emily Dickinson playlist,"{""entity_name"": ""A-Hunting We Will Go"", ""intent"": ""AddToPlaylist"", ""playlist"": ""Emily Dickinson""}"
Rate Ecology: From Individuals to Ecosystems five out of 6 stars,"{""best_rating"": ""6"", ""intent"": ""RateBook"", ""object_name"": ""Ecology: From Individuals to Ecosystems"", ""rating_unit"": ""stars"", ""rating_value"": ""five""}"
rate this book titled The Silver Chalice a 1,"{""intent"": ""RateBook"", ""object_name"": ""The Silver Chalice"", ""object_type"": ""book"", ""rating_value"": ""1""}"
Rate this series five out of 6,"{""best_rating"": ""6"", ""intent"": ""RateBook"", ""object_part_of_series_type"": ""series"", ""object_select"": ""this"", ""rating_value"": ""five""}"
Find me the picture Live in Paris 1975,"{""intent"": ""SearchCreativeWork"", ""object_name"": ""Live in Paris 1975"", ""object_type"": ""picture""}"
"Rate Dixie Lullaby: A Story of Music, Race and New Beginnings in a New South five out of 6 points","{""best_rating"": ""6"", ""intent"": ""RateBook"", ""object_name"": ""Dixie Lullaby: A Story of Music, Race and New Beginnings in a New South"", ""rating_unit"": ""points"", ""rating_value"": ""five""}"
rate the current essay four of 6,"{""best_rating"": ""6"", ""intent"": ""RateBook"", ""object_select"": ""current"", ""object_type"": ""essay"", ""rating_value"": ""four""}"
Where can I find Conduct Unbecoming?,"{""intent"": ""SearchCreativeWork"", ""object_name"": ""Conduct Unbecoming""}"
put this Kan Mikami tune on fresh finds cyclone,"{""artist"": ""Kan Mikami"", ""intent"": ""AddToPlaylist"", ""music_item"": ""tune"", ""playlist"": ""fresh finds cyclone""}"
Rate the Apocalisse saga one out of 6 points,"{""best_rating"": ""6"", ""intent"": ""RateBook"", ""object_name"": ""Apocalisse"", ""object_part_of_series_type"": ""saga"", ""rating_unit"": ""points"", ""rating_value"": ""one""}"
Add Ajoy Chakrabarty to women of country playlist,"{""artist"": ""Ajoy Chakrabarty"", ""intent"": ""AddToPlaylist"", ""playlist"": ""women of country""}"
Rate CIA World Factbook five out of 6 stars,"{""best_rating"": ""6"", ""intent"": ""RateBook"", ""object_name"": ""CIA World Factbook"", ""rating_unit"": ""stars"", ""rating_value"": ""five""}"
The current essay gets four points,"{""intent"": ""RateBook"", ""object_select"": ""current"", ""object_type"": ""essay"", ""rating_unit"": ""points"", ""rating_value"": ""four""}"
Add Without Your Love to my showstopper being mary jane list,"{""entity_name"": ""Without Your Love"", ""intent"": ""AddToPlaylist"", ""playlist"": ""showstopper being mary jane"", ""playlist_owner"": ""my""}"
Add shame on you to my masters of metal playlist,"{""entity_name"": ""shame on you"", ""intent"": ""AddToPlaylist"", ""playlist"": ""masters of metal"", ""playlist_owner"": ""my""}"
Look up The Brave Archer 2,"{""intent"": ""SearchCreativeWork"", ""object_name"": ""The Brave Archer 2""}"
Put say it ain’t so into my Trap Land playlist.,"{""entity_name"": ""say it ain’t so"", ""intent"": ""AddToPlaylist"", ""playlist"": ""Trap Land"", ""playlist_owner"": ""my""}"
Need a creative work with the title Unholy Confessions,"{""intent"": ""SearchCreativeWork"", ""object_name"": ""Unholy Confessions""}"
Can ten green bottles be added to brooklyn beat?,"{""entity_name"": ""ten green bottles"", ""intent"": ""AddToPlaylist"", ""playlist"": ""brooklyn beat""}"
I give this current novel 0 points,"{""intent"": ""RateBook"", ""object_select"": ""current"", ""object_type"": ""novel"", ""rating_unit"": ""points"", ""rating_value"": ""0""}"
Find a painting called Chettathi.,"{""intent"": ""SearchCreativeWork"", ""object_name"": ""Chettathi"", ""object_type"": ""painting""}"
rate the current saga zero of 6 stars,"{""best_rating"": ""6"", ""intent"": ""RateBook"", ""object_part_of_series_type"": ""saga"", ""object_select"": ""current"", ""rating_unit"": ""stars"", ""rating_value"": ""zero""}"
I think this textbook should be rated 5 points,"{""intent"": ""RateBook"", ""object_select"": ""this"", ""object_type"": ""textbook"", ""rating_unit"": ""points"", ""rating_value"": ""5""}"
Can you add Honey Hush to hits of the 60s,"{""entity_name"": ""Honey Hush"", ""intent"": ""AddToPlaylist"", ""playlist"": ""hits of the 60s""}"
add paula abdul to Classic Acoustic playlist,"{""artist"": ""paula abdul"", ""intent"": ""AddToPlaylist"", ""playlist"": ""Classic Acoustic""}"
Add the artist Gwenno Pipette to the sexy as folk playlist.,"{""artist"": ""Gwenno Pipette"", ""intent"": ""AddToPlaylist"", ""music_item"": ""artist"", ""playlist"": ""sexy as folk""}"
I give it a rating value of four to 6 to a book called Liberalism and the Limits of Justice,"{""best_rating"": ""6"", ""intent"": ""RateBook"", ""object_name"": ""Liberalism and the Limits of Justice"", ""object_type"": ""book"", ""rating_value"": ""four""}"
Rate Breakheart Pass two out of 6,"{""best_rating"": ""6"", ""intent"": ""RateBook"", ""object_name"": ""Breakheart Pass"", ""rating_value"": ""two""}"
Can I get the game List of Mew singles?,"{""intent"": ""SearchCreativeWork"", ""object_name"": ""List of Mew singles"", ""object_type"": ""game""}"
add steel guitar rag in acoustic covers the mash ups,"{""entity_name"": ""steel guitar rag"", ""intent"": ""AddToPlaylist"", ""playlist"": ""acoustic covers the mash ups""}"
Add Kd lang to my Deep Focus playlist,"{""artist"": ""Kd lang"", ""intent"": ""AddToPlaylist"", ""playlist"": ""Deep Focus"", ""playlist_owner"": ""my""}"
Find book The Music Lovers,"{""intent"": ""SearchCreativeWork"", ""object_name"": ""The Music Lovers"", ""object_type"": ""book""}"
Incorporate time warp into my fairy tales playlist.,"{""entity_name"": ""time warp"", ""intent"": ""AddToPlaylist"", ""playlist"": ""fairy tales"", ""playlist_owner"": ""my""}"
Add giancarlo erra to my Guitar Hero Live Playlist,"{""artist"": ""giancarlo erra"", ""intent"": ""AddToPlaylist"", ""playlist"": ""Guitar Hero Live Playlist"", ""playlist_owner"": ""my""}"
Rate this novel 4 points out of 6,"{""best_rating"": ""6"", ""intent"": ""RateBook"", ""object_select"": ""this"", ""object_type"": ""novel"", ""rating_unit"": ""points"", ""rating_value"": ""4""}"
Can you add psycho to Canciones que lo van a petar?,"{""entity_name"": ""psycho"", ""intent"": ""AddToPlaylist"", ""playlist"": ""Canciones que lo van a petar""}"
show Texas Review of Entertainment & Sports Law creative song,"{""intent"": ""SearchCreativeWork"", ""object_name"": ""Texas Review of Entertainment & Sports Law"", ""object_type"": ""song""}"
add Nothing Fancy to Meditate to Sounds of Nature playlist,"{""entity_name"": ""Nothing Fancy"", ""intent"": ""AddToPlaylist"", ""playlist"": ""Meditate to Sounds of Nature""}"
Rate this book 3 of 6,"{""best_rating"": ""6"", ""intent"": ""RateBook"", ""object_select"": ""this"", ""object_type"": ""book"", ""rating_value"": ""3""}"
Play The Last Mile album,"{""intent"": ""SearchCreativeWork"", ""object_name"": ""The Last Mile"", ""object_type"": ""album""}"
Find me the book My People Were Fair and Had Sky in Their Hair… But Now They’re Content to Wear Stars on Their Brows,"{""intent"": ""SearchCreativeWork"", ""object_name"": ""My People Were Fair and Had Sky in Their Hair… But Now They’re Content to Wear Stars on Their Brows"", ""object_type"": ""book""}"
Give Grand Conspiracy zero out of 6 points.,"{""best_rating"": ""6"", ""intent"": ""RateBook"", ""object_name"": ""Grand Conspiracy"", ""rating_unit"": ""points"", ""rating_value"": ""zero""}"
What system is Bloodhounds of Broadway the game for?,"{""intent"": ""SearchCreativeWork"", ""object_name"": ""Bloodhounds of Broadway"", ""object_type"": ""game""}"
Look for the Public Toilet painting,"{""intent"": ""SearchCreativeWork"", ""object_name"": ""Public Toilet"", ""object_type"": ""painting""}"
Add Cleo Laine to psychedelic rock,"{""artist"": ""Cleo Laine"", ""intent"": ""AddToPlaylist"", ""playlist"": ""psychedelic rock""}"
Rate Making Sense of Marx 2 stars.,"{""intent"": ""RateBook"", ""object_name"": ""Making Sense of Marx"", ""rating_unit"": ""stars"", ""rating_value"": ""2""}"
Can you please find The Notebook of Trigorin game?,"{""intent"": ""SearchCreativeWork"", ""object_name"": ""The Notebook of Trigorin"", ""object_type"": ""game""}"
I'm trying to find Annunciation.,"{""intent"": ""SearchCreativeWork"", ""object_name"": ""Annunciation""}"
look up Holy Water,"{""intent"": ""SearchCreativeWork"", ""object_name"": ""Holy Water""}"
rate Tragedy Day a 4,"{""intent"": ""RateBook"", ""object_name"": ""Tragedy Day"", ""rating_value"": ""4""}"
give Power of Faerûn two of 6,"{""best_rating"": ""6"", ""intent"": ""RateBook"", ""object_name"": ""Power of Faerûn"", ""rating_value"": ""two""}"
Find the Endangered Species song,"{""intent"": ""SearchCreativeWork"", ""object_name"": ""Endangered Species"", ""object_type"": ""song""}"
Add Written in Red to my cleaning the house playlist.,"{""entity_name"": ""Written in Red"", ""intent"": ""AddToPlaylist"", ""playlist"": ""cleaning the house"", ""playlist_owner"": ""my""}"
Play The Aviation Cocktail album,"{""intent"": ""SearchCreativeWork"", ""object_name"": ""The Aviation Cocktail"", ""object_type"": ""album""}"
Where can I get the album So Fresh: The Hits of Spring 2011,"{""intent"": ""SearchCreativeWork"", ""object_name"": ""So Fresh: The Hits of Spring 2011"", ""object_type"": ""album""}"
Rate the current book one of 6 points,"{""best_rating"": ""6"", ""intent"": ""RateBook"", ""object_select"": ""current"", ""object_type"": ""book"", ""rating_unit"": ""points"", ""rating_value"": ""one""}"
Add wiktor coj to the Sleep playlist.,"{""artist"": ""wiktor coj"", ""intent"": ""AddToPlaylist"", ""playlist"": ""Sleep""}"
They Knew Mr. Knight should get out of 6 a rating of two,"{""best_rating"": ""6"", ""intent"": ""RateBook"", ""object_name"": ""They Knew Mr. Knight"", ""rating_value"": ""two""}"
"find Welcome to the El-Palacio, a movie","{""intent"": ""SearchCreativeWork"", ""object_name"": ""Welcome to the El-Palacio"", ""object_type"": ""movie""}"
For playlist todo latino add Absolutely Sweet Marie,"{""entity_name"": ""Absolutely Sweet Marie"", ""intent"": ""AddToPlaylist"", ""playlist"": ""todo latino""}"
What is the release date for the DVD called Wild Is the Wind?,"{""intent"": ""SearchCreativeWork"", ""object_name"": ""Wild Is the Wind""}"
What is the cheapest online price for the Instincts saga?,"{""intent"": ""SearchCreativeWork"", ""object_name"": ""Instincts"", ""object_type"": ""saga""}"
Where can I see the show Latin for Lovers?,"{""intent"": ""SearchCreativeWork"", ""object_name"": ""Latin for Lovers"", ""object_type"": ""show""}"
give a zero rating to May We Borrow Your Husband?,"{""intent"": ""RateBook"", ""object_name"": ""May We Borrow Your Husband"", ""rating_value"": ""zero""}"
Add the album to my Flow Español playlist.,"{""intent"": ""AddToPlaylist"", ""music_item"": ""album"", ""playlist"": ""Flow Español"", ""playlist_owner"": ""my""}"
give two out of 6 stars saga called The Big Question,"{""best_rating"": ""6"", ""intent"": ""RateBook"", ""object_name"": ""The Big Question"", ""object_part_of_series_type"": ""saga"", ""rating_unit"": ""stars"", ""rating_value"": ""two""}"
Place this tune in workout remix,"{""intent"": ""AddToPlaylist"", ""music_item"": ""tune"", ""playlist"": ""workout remix""}"
What is the TV show Journal of Personality and Social Psychology?,"{""intent"": ""SearchCreativeWork"", ""object_name"": ""Journal of Personality and Social Psychology"", ""object_type"": ""TV show""}"
add thomas anders to my crossroad blues,"{""artist"": ""thomas anders"", ""intent"": ""AddToPlaylist"", ""playlist"": ""crossroad blues"", ""playlist_owner"": ""my""}"
add what if punk never happened to autumn,"{""entity_name"": ""what if punk never happened"", ""intent"": ""AddToPlaylist"", ""playlist"": ""autumn""}"
Find a video game called Young.,"{""intent"": ""SearchCreativeWork"", ""object_name"": ""Young"", ""object_type"": ""video game""}"
Add tune to Reggae Infusions,"{""intent"": ""AddToPlaylist"", ""music_item"": ""tune"", ""playlist"": ""Reggae Infusions""}"
Give The Case of Jennie Brice 4 stars out of 6,"{""best_rating"": ""6"", ""intent"": ""RateBook"", ""object_name"": ""The Case of Jennie Brice"", ""rating_unit"": ""stars"", ""rating_value"": ""4""}"
Add Igor Talkow to my Women of K-Pop list,"{""artist"": ""Igor Talkow"", ""intent"": ""AddToPlaylist"", ""playlist"": ""Women of K-Pop"", ""playlist_owner"": ""my""}"
add ivan mane jarnowick to Fusion Fest,"{""artist"": ""ivan mane jarnowick"", ""intent"": ""AddToPlaylist"", ""playlist"": ""Fusion Fest""}"
Add this tune to my Dinnertime Acoustics list,"{""intent"": ""AddToPlaylist"", ""music_item"": ""tune"", ""playlist"": ""Dinnertime Acoustics"", ""playlist_owner"": ""my""}"
Rate Ruth five out of 6 points.,"{""best_rating"": ""6"", ""intent"": ""RateBook"", ""object_name"": ""Ruth"", ""rating_unit"": ""points"", ""rating_value"": ""five""}"
Find an album called List of Re: Hamatora episodes.,"{""intent"": ""SearchCreativeWork"", ""object_name"": ""List of Re: Hamatora episodes"", ""object_type"": ""album""}"
find the Deathsmiles II soundtrack,"{""intent"": ""SearchCreativeWork"", ""object_name"": ""Deathsmiles II"", ""object_type"": ""soundtrack""}"
find As Live as It Gets,"{""intent"": ""SearchCreativeWork"", ""object_name"": ""As Live as It Gets""}"
Find City of Light.,"{""intent"": ""SearchCreativeWork"", ""object_name"": ""City of Light""}"
